feature,family,ic,ic_t,abs_ic,ic_sign_consistency,n_obs,cluster,is_rep,kept
beta_20,cross_asset,-0.07663490201831925,-10.349400943329238,0.07663490201831925,1.0,18238,7,True,True
beta_60,cross_asset,-0.07521115177897157,-10.067624422459032,0.07521115177897157,0.86,17918,7,False,False
obv_z_50,volume_flow,0.05153109446109792,6.914773984493846,0.05153109446109792,0.57,18006,20,True,False
logret_120,momentum,0.046121920112508014,6.090538823142694,0.046121920112508014,0.29,17438,17,True,False
ret_120,momentum,0.046121913020235314,6.0905378865866675,0.046121913020235314,0.29,17438,17,False,False
sma_slope_20,trend,0.0430962883383826,5.795769852202992,0.0430962883383826,0.29,18086,20,False,False
vol_z_50,volume_flow,0.03953649540725695,5.3052614686176796,0.03953649540725695,0.57,18006,5,True,False
vol_z_20,volume_flow,0.03790283005854755,5.119829207068769,0.03790283005854755,0.86,18246,5,False,False
bb_pctb_100,mean_reversion,0.03584285975289546,4.755903146642969,0.03584285975289546,0.29,17606,20,False,False
zscore_100,mean_reversion,0.03584285975289546,4.755903146642969,0.03584285975289546,0.29,17606,20,False,False
dollar_vol_z_20,volume_flow,0.035598343733842304,4.808544367010877,0.035598343733842304,0.57,18246,5,False,False
dollar_vol_z_50,volume_flow,0.03510413054355424,4.710498218004914,0.03510413054355424,0.57,18006,5,False,False
sma_slope_10,trend,0.032975952171985554,4.454317601093246,0.032975952171985554,0.71,18246,20,False,False
sma_slope_100,trend,0.032789631679578685,4.25078087498508,0.032789631679578685,0.0,16806,17,False,False
tail_ratio_60,higher_moments,0.03089982887077275,4.136193429179396,0.03089982887077275,0.29,17918,24,True,False
px_sma_200,trend,0.030861779400492444,4.0008580433468115,0.030861779400492444,0.14,16806,17,False,False
corr_stability,cross_asset,-0.030504968463169232,-4.0833381518831,0.030504968463169232,0.57,17918,25,True,False
sma_50_200,trend,0.030108551632959616,3.9032111341035356,0.030108551632959616,0.0,16806,17,False,False
bb_pctb_50,mean_reversion,0.02994351676084377,4.018013839361534,0.02994351676084377,0.57,18006,20,False,False
zscore_50,mean_reversion,0.02994351676084377,4.018013839361534,0.02994351676084377,0.57,18006,20,False,False
rs_bench_60,cross_asset,-0.029909195618598276,-4.00358911070544,0.029909195618598276,1.0,17918,16,True,True
px_sma_50,trend,0.027417158209915644,3.679010785648997,0.027417158209915644,0.14,18006,20,False,False
logret_1,momentum,-0.027160496442990657,-3.6832277023931512,0.027160496442990657,1.0,18390,13,True,True
ret_1,momentum,-0.027160462867940046,-3.6832231492894634,0.027160462867940046,1.0,18390,13,False,False
vwap_dist_50,mean_reversion,0.02676989752592592,3.5921571803521677,0.02676989752592592,0.29,18006,20,False,False
breakout_up_55,range_breakout,0.026466793963862322,3.5467478990457204,0.026466793963862322,0.43,17958,22,True,False
px_ema_200,trend,0.025833909996874245,3.5040915917763864,0.025833909996874245,0.14,18398,17,False,False
px_sma_100,trend,0.025551968906816425,3.390429507149878,0.025551968906816425,0.14,17606,20,False,False
range_width_20,range_breakout,0.0251022557016968,3.3907563552994686,0.0251022557016968,0.57,18246,8,True,False
px_ema_100,trend,0.024301524171334864,3.296239962376131,0.024301524171334864,0.14,18398,20,False,False
px_ema_50,trend,0.02420820254493109,3.283581889074338,0.02420820254493109,0.14,18398,20,False,False
corr_20,cross_asset,-0.02292695203052868,-3.0962422176216378,0.02292695203052868,0.29,18238,18,True,False
donchian_pos_20,range_breakout,0.02174567154836892,2.9373565021052133,0.02174567154836892,0.57,18246,21,True,False
cci_20,oscillators,0.02112833496287093,2.8420555772291722,0.02112833496287093,0.57,18094,21,False,False
donchian_pos_55,range_breakout,0.021063765944077,2.8233304885238018,0.021063765944077,0.14,17966,20,False,False
taker_imbalance,volume_flow,0.020323476136813488,2.7566606005553487,0.020323476136813488,0.71,18398,14,True,True
entropy_ret_100,statistical,-0.02009460049003016,-2.6656985324472253,0.02009460049003016,0.43,17598,1,True,False
williams_r_14,oscillators,0.019418452892281838,2.626448945835116,0.019418452892281838,0.57,18294,21,False,False
stoch_k_14,oscillators,0.019418189253196765,2.6264132872478476,0.019418189253196765,0.57,18294,21,False,False
logret_20,momentum,0.01914765476296851,2.5858551527740974,0.01914765476296851,0.57,18238,20,False,False
ret_20,momentum,0.01914764400010192,2.585853699268988,0.01914764400010192,0.57,18238,20,False,False
breakout_dn_20,range_breakout,0.0171076067464385,2.3103504635182066,0.0171076067464385,0.43,18238,19,True,False
bb_pctb_20,mean_reversion,0.01682661211304923,2.272900994974091,0.01682661211304923,0.57,18246,21,False,False
zscore_20,mean_reversion,0.01682661211304923,2.272900994974091,0.01682661211304923,0.57,18246,21,False,False
rsi_14,oscillators,0.016601980355472078,2.2513901425996363,0.016601980355472078,0.43,18390,20,False,False
rsi_28,oscillators,0.016242045552949155,2.202579479713172,0.016242045552949155,0.14,18390,20,False,False
breakout_up_20,range_breakout,0.015903660946512275,2.1477598231009307,0.015903660946512275,0.57,18238,22,False,False
skew_60,higher_moments,-0.014297792066432146,-1.9138757643051953,0.014297792066432146,0.71,17918,23,True,False
vol_of_vol_20,volatility,-0.0142276543660143,-1.9133947126641269,0.0142276543660143,0.43,18086,9,True,False
atr_14,volatility,0.013992141559930024,1.892511502018816,0.013992141559930024,0.43,18294,8,False,False
rs_bench_20,cross_asset,-0.013197853111304756,-1.7823455089354316,0.013197853111304756,0.71,18238,15,True,False
sma_slope_50,trend,0.013183383098415677,1.7492715032619546,0.013183383098415677,0.29,17606,17,False,False
corr_60,cross_asset,-0.012950364816311422,-1.733511667094348,0.012950364816311422,0.29,17918,18,False,False
px_ema_20,trend,0.012832669252466355,1.74061334242689,0.012832669252466355,0.57,18398,21,False,False
ret_60,momentum,0.011678575894919774,1.563272375415328,0.011678575894919774,0.14,17918,20,False,False
logret_60,momentum,0.011678561612138242,1.5632704635488457,0.011678561612138242,0.14,17918,20,False,False
px_sma_20,trend,0.011643732861664872,1.572809299262723,0.011643732861664872,0.57,18246,21,False,False
vol_regime,volatility,-0.011440757646563497,-1.5177017768360177,0.011440757646563497,0.43,17598,10,True,False
vwap_dist_20,mean_reversion,0.010759647389373805,1.4533890180966667,0.010759647389373805,0.57,18246,21,False,False
sma_slope_200,trend,0.010554636963885582,1.3015198408198847,0.010554636963885582,0.33,15206,11,True,False
range_width_55,range_breakout,-0.009733585376014254,-1.3046635833170175,0.009733585376014254,0.57,17966,8,False,False
taker_imbalance_ma20,volume_flow,0.008995303571776924,1.215065415487298,0.008995303571776924,0.71,18246,12,True,False
dayofweek,calendar,-0.008703158661666936,-1.1804897164979231,0.008703158661666936,0.57,18398,6,True,False
garmanklass_20,volatility,0.00686704789673056,0.9275854160154646,0.00686704789673056,0.29,18246,8,False,False
logret_5,momentum,-0.006684750404409572,-0.9057281774017875,0.006684750404409572,0.57,18358,21,False,False
ret_5,momentum,-0.006684716665623021,-0.9057236060763374,0.006684716665623021,0.57,18358,21,False,False
hurst_100,statistical,-0.005649758415059485,-0.7496529018386545,0.005649758415059485,0.86,17606,4,True,False
autocorr_1_100,statistical,-0.0056440394702961996,-0.7485537010317818,0.0056440394702961996,0.43,17590,2,True,False
kurt_60,higher_moments,-0.005408910980604479,-0.7240267300688463,0.005408910980604479,0.43,17918,1,False,False
parkinson_20,volatility,0.005040461986440125,0.680854291234551,0.005040461986440125,0.29,18246,8,False,False
parkinson_60,volatility,-0.004892592438059815,-0.6550594794922631,0.004892592438059815,0.57,17926,8,False,False
px_sma_10,trend,-0.004889041545286379,-0.6618469454829665,0.004889041545286379,0.71,18326,21,False,False
variance_ratio_5,statistical,0.004695919428840171,0.6223820747341602,0.004695919428840171,0.29,17566,3,True,False
garmanklass_60,volatility,-0.004623194349295687,-0.6189903047068764,0.004623194349295687,0.71,17926,8,False,False
logret_10,momentum,0.003959018452818133,0.5358294178154859,0.003959018452818133,0.43,18318,21,False,False
ret_10,momentum,0.003958980643565718,0.5358243005597947,0.003958980643565718,0.43,18318,21,False,False
realvol_60,volatility,-0.002592349220649346,-0.3470070289848826,0.002592349220649346,0.71,17918,8,False,False
breakout_dn_55,range_breakout,-0.001891831061245113,-0.25351947995598356,0.001891831061245113,0.57,17958,19,False,False
realvol_20,volatility,-0.0013443333222658744,-0.18154971412740262,0.0013443333222658744,0.57,18238,8,False,False
px_ema_10,trend,-0.0007877699992394928,-0.10685251403766569,0.0007877699992394928,0.57,18398,21,False,False
hour,calendar,,,0.0,0.0,18398,26,True,False
min_since_day_open,calendar,,,0.0,0.0,18398,27,True,False
