,SOLUSDT_1h_trend,DOGEUSDT_1h_trend,ADAUSDT_1h_trend,1000PEPEUSDT_1h_trend,BTCUSDT_4h_trend,ETHUSDT_4h_breakout,BNBUSDT_4h_trend,DOGEUSDT_4h_trend,ADAUSDT_4h_trend,ADAUSDT_4h_breakout,HBARUSDT_4h_trend,SUIUSDT_4h_trend,NEARUSDT_4h_breakout,ALGOUSDT_4h_trend,VETUSDT_4h_trend,OPUSDT_4h_breakout,GRTUSDT_4h_trend,RUNEUSDT_4h_trend,BTCUSDT_1d_trend,BNBUSDT_1d_trend,XRPUSDT_1d_breakout,TRXUSDT_1d_trend,TRXUSDT_1d_carry,ADAUSDT_1d_breakout,AVAXUSDT_1d_breakout,NEARUSDT_1d_breakout,ETCUSDT_1d_breakout,QNTUSDT_1d_carry,INJUSDT_1d_breakout,TSLA_1h_trend,TSLA_1h_breakout,XOM_1h_breakout,CAT_1h_trend,QQQ_1h_breakout,AAPL_4h_breakout,NVDA_4h_trend,NVDA_4h_breakout,GOOGL_4h_trend,META_4h_trend,AVGO_4h_trend,MRK_4h_mean_reversion,NFLX_4h_trend,ORCL_4h_trend,QQQ_4h_trend,MSFT_1d_trend,NVDA_1d_trend,GOOGL_1d_trend,V_1d_trend,MA_1d_trend,AVGO_1d_trend,ADBE_1d_trend,SPY_1d_trend,QQQ_1d_trend,CRYPTO50_1d_cross_sectional
SOLUSDT_1h_trend,1.0,0.3113302624600503,0.4276251575195468,0.31621054775976,0.21469821528925506,0.19936324903833258,0.14652997914416363,0.17150193751944645,0.2091812760007493,0.2241815706589823,0.1714813565975242,0.21306567686269356,0.2025883010381351,0.20804928256690713,0.20723786236298447,0.16160512113357042,0.22803993648113674,0.2060065039039697,0.0589052823595955,0.014956257286207907,0.05163549960033502,0.02452627303869546,-0.03210718123053401,0.12069640663658138,0.15721719816457846,0.14934318916482137,0.14661942683309667,-0.0534410656664232,0.07730342720378273,0.018976533970979634,0.06964197250778999,-0.05897643355832205,0.007410233689386235,0.060605159883066494,0.04513788498269204,0.0017844580715913993,0.016760353321859114,-0.003055216886082723,-0.00876031107818222,-0.025799167965932644,-0.04156167264350003,0.022728152930172003,0.04552729223653741,-0.033273977592782944,-0.012807741387816833,-0.012620974150637213,-0.030121338856442696,0.044214991491908565,-0.033697215845113065,-0.05191902457745715,0.060539180242209376,-0.05395440316318844,-0.04148661500881243,-0.02047272004025192
DOGEUSDT_1h_trend,0.3113302624600503,1.0,0.3973485511453888,0.47037856114549437,0.23145015558125742,0.15259638353429428,0.18109141290219863,0.3733422028739657,0.2907283357783075,0.17999472087834714,0.22189003122348092,0.2662927250009965,0.15715588377424422,0.1893499326188772,0.2777366662564631,0.14442125267259295,0.253227703232415,0.21575283615887755,0.003019251965753039,-0.05655724210695763,0.07906793612671455,-0.023495962151214602,-0.02854915964152575,0.13132790044939396,0.1057292436468091,0.0940690703344652,0.12982302782392646,-0.03607596442869143,0.11106324356119093,0.06124440139871265,0.024146963156964497,-0.03506499508945348,-0.03335549005496064,0.04909711530204777,0.021163395529304286,-0.05799983927575456,-0.012987876738596891,-0.044581394948528995,-0.03332653386305617,-0.09297584342783925,-0.037194866548764006,-0.009679231977339478,-0.000450244526541924,-0.1020764722365698,-0.023832818052546792,-0.07001059299285388,-0.05765725164531205,-0.020600099473511994,-0.05552094165128827,-0.1247960864087191,0.013863153506716883,-0.11076566903253736,-0.10712022830157457,-0.020147460360662464
ADAUSDT_1h_trend,0.4276251575195468,0.3973485511453888,1.0,0.34315164175277174,0.24186861729704326,0.21424009954811596,0.1744585000140271,0.16352169672903144,0.44714150810949893,0.4013243713909907,0.22265365671894255,0.270324310485987,0.19207641248951932,0.23590367348588154,0.32926619288542885,0.2012060555352307,0.2624049021390983,0.2338993363248652,0.027031052933478055,-0.012496350698270863,0.07991551884812359,0.007086564295755019,-0.08176290067912499,0.28228312494801,0.15859982927432714,0.1287141908405535,0.17218832044115714,-0.09414752427445253,0.1323309158532941,0.033017221053982596,0.04361145181020011,-0.04358978634693193,-0.029874122350527724,0.027202200992582776,0.04344874525689187,-0.04483683120838665,-0.00800778670170417,-0.007286457902080643,0.010026424626728822,-0.01706495893201548,-0.019180946537241995,0.010223206879902727,0.03320636243442302,-0.04347797742563936,-0.026198243776553398,-0.06577520897969294,-0.07506399196383255,-0.02084858039181169,-0.047796710521929096,-0.08668370941172482,-0.013917489059287646,-0.1350501105504631,-0.08871481079268578,0.02213738789826771
1000PEPEUSDT_1h_trend,0.31621054775976,0.47037856114549437,0.34315164175277174,1.0,0.18932627745451483,0.23697736610494496,0.12331511082640768,0.17650876405685761,0.2890576088222025,0.14170919852047392,0.16468177316111038,0.1899484967392442,0.20189347939060837,0.24406660387226423,0.2715920448829549,0.1753765437165707,0.16247805852766242,0.20802380633864562,-0.040757862440096305,-0.15221073997284193,0.05129660969447836,-0.07377571818079533,-0.055235607334499975,0.0722232586228166,0.10170855836812719,0.07930355134714225,0.1588776177149971,-0.0737222101277053,0.06059575432400655,0.03133253327548145,0.04147301904376688,-0.02550592082089795,-0.02462662400243948,0.0006590696712105118,-0.004035160135048043,-0.04193861241188246,-0.03738322629980182,-0.11955941856037224,-0.06387410222824991,-0.08241503835261355,-0.023573889185235935,0.0026524484798148575,-0.026365718689973273,-0.11072498572943079,-0.022239215590602084,-0.06436223353075793,-0.12064706829109474,0.005052642802460258,-0.0057122456317524155,-0.10120495189695063,-0.02326276834653921,-0.14152772290560656,-0.1495973825689062,0.036151993954731114
BTCUSDT_4h_trend,0.21469821528925506,0.23145015558125742,0.24186861729704326,0.18932627745451483,1.0,0.11419226271700043,0.44925437947795216,0.3426243939000733,0.3567553548130364,0.07953939377485388,0.2478550786571178,0.3143071984586761,0.04687134864502189,0.31254852835469965,0.38011712531348124,0.04928348167597924,0.3109982540832755,0.33340538045376555,0.2673290477988384,0.11428467042388463,0.06631104872051218,0.053291198468599255,-0.13144212553399198,0.1967534935867535,0.18379454135479362,0.13151020561181054,0.17795271207117577,-0.07999646511421178,0.1196529459538342,0.07483257110129685,0.02865516727499561,-0.028267181478268778,0.026789375907688377,0.0322416580693541,0.04812423588424338,0.01728164886742943,0.08698630604650322,0.03624239477847502,0.07915943352442267,0.07712798492197954,-0.003533344246504585,0.005361857375126383,0.06201284506719464,0.04785574749962156,0.004736975117369375,-0.017853691413874273,-0.041077694169598104,0.010766831084806658,-0.040046055460336495,-0.03867453979183314,0.008086903916471079,-0.05014022535479475,-0.04124360338965385,0.009628196941106774
ETHUSDT_4h_breakout,0.19936324903833258,0.15259638353429428,0.21424009954811596,0.23697736610494496,0.11419226271700043,1.0,0.10943679068800198,0.06237213014502582,0.10575392027557534,0.2528832607484685,0.06143847839419497,0.10383736916814074,0.20508690360913975,0.04109934853859514,0.10135560571959298,0.20491570061657366,0.1079986034057994,0.07009690889973416,0.07190646594217398,0.06607990386708658,0.03145961387630324,0.05970045774937057,-0.041831392070965125,0.052723856928777804,0.040507236666718946,0.0002586922425016494,0.09867534926486811,0.004400679455281867,0.04864420926255752,0.02919376581562641,-0.005165190558851223,0.015279172312001616,-0.01442379914763865,0.056213486176602774,0.07810103941733941,-0.0001302388941824538,0.03233757479840547,-0.0026272234008507356,-0.030171523379662293,-0.030078467920991954,-0.015858564906069166,-0.0129940006749329,0.01920232940259065,-0.030396808119564234,0.007297881174717226,0.0002826794986315983,-0.020730449465765733,0.0071596731497243025,-0.017892702830309245,-0.02694122136281877,0.007892637677334842,-0.02422654988423816,-0.028724800370338355,0.00011494006524217533
BNBUSDT_4h_trend,0.14652997914416363,0.18109141290219863,0.1744585000140271,0.12331511082640768,0.44925437947795216,0.10943679068800198,1.0,0.3251833770707449,0.3411602669195472,0.0708900722268366,0.24295106551508958,0.32565717211705486,0.08961524622288478,0.3403774371829195,0.3700534359818318,0.026451991958905238,0.2906408465189869,0.26822607501170337,0.16714261439744985,0.29226113806520115,0.08595122740579557,0.10894970715690123,-0.1308663438798426,0.14223832413232793,0.14695843656928054,0.15077427856269393,0.14153431198877064,-0.11377940109193412,0.11762419007955642,0.09982786588712524,0.04251821198496067,0.009598348030469528,0.09148656281017553,0.04808763896319388,0.04343367558175357,-0.0037188867453152316,0.08195123099249872,0.02141200734885521,0.06731987200810689,0.03774908414443401,-0.017130270191554112,0.007822280972038239,0.09073035350139441,0.038300595143908975,0.001809078588177411,-0.03958171411744365,-0.04966748030047084,-0.0022199588721963596,-0.06941787421493455,-0.0654950513204099,-0.025061746527340726,-0.03853044172842133,-0.043112018493537435,0.021295367562804823
DOGEUSDT_4h_trend,0.17150193751944645,0.3733422028739657,0.16352169672903144,0.17650876405685761,0.3426243939000733,0.06237213014502582,0.3251833770707449,1.0,0.4044146526191773,0.049814534730548816,0.27873648727521694,0.43132713857640265,0.08200490263032166,0.34314858455516845,0.3717835293020337,0.004385693059124451,0.31567062587022754,0.3001490008757286,0.09052935877626522,0.039900467132653494,0.08630885254893686,0.021849951033661774,-0.09079452683327704,0.1870039781249569,0.1430064430832034,0.11261240143909829,0.15526673597182772,-0.15898153078240562,0.14683135061941188,0.05354462233288744,0.004286666461175958,-0.022915866120873006,0.05039675450146893,0.025135451839953377,0.004420768274819391,-0.012054043272483364,0.023795645838958105,0.004067916917708974,-0.008731226430367311,0.01651286945112438,0.021161049965884346,0.01517443057964375,0.032493004749315185,0.004692044227206587,0.046446721024034084,-0.03588540505367235,-0.017796577721061906,0.03762685674857112,0.005483798253226812,-0.0283688221519231,0.023102666548974186,-0.010771013999641657,-0.03827397153307806,0.10213473611940335
ADAUSDT_4h_trend,0.2091812760007493,0.2907283357783075,0.44714150810949893,0.2890576088222025,0.3567553548130364,0.10575392027557534,0.3411602669195472,0.4044146526191773,1.0,0.2201677178979508,0.4381380601537506,0.4861913010154194,0.13890459580766093,0.47766219975469576,0.5591127820190407,0.06726796921913679,0.46453544129044566,0.39686223289733286,0.06777246505106725,0.04905199762931718,0.12764620445502853,0.018681359175296446,-0.14142254079424738,0.4178996903804578,0.21997094765387637,0.1845404475238184,0.1976155017481192,-0.13469332783635715,0.14315234156426193,0.07406096425743017,0.04338983517855195,-0.04198034285977428,0.005761992445835572,-0.0008668467659210062,0.0253931394831079,-0.021574315616155394,-0.0062205783524724645,0.027884248126608908,0.05255724989209194,0.029184412669318857,-0.012090707835921515,-0.010535790018031038,0.05656264347213916,-0.01907925532161189,-0.011673749585925888,-0.06301185316830656,-0.05952165749893944,-0.012854539020475644,-0.03914512231375038,-0.06694650858755685,-0.028159129247584326,-0.10967569791425624,-0.11243602203335605,0.14650993189547631
ADAUSDT_4h_breakout,0.2241815706589823,0.17999472087834714,0.4013243713909907,0.14170919852047392,0.07953939377485388,0.2528832607484685,0.0708900722268366,0.049814534730548816,0.2201677178979508,1.0,0.11864189812765982,0.11592053936714587,0.25216899945263893,0.10511661646871825,0.19697078937138107,0.1359910602066473,0.11985905727805171,0.10801415198222303,0.05141545718408858,-0.011986463726574609,0.06950549977279898,0.014462128702605938,-0.05567278596035775,0.23857067449879416,0.11252326177693205,0.07763182393935235,0.10862292144954902,-0.06525838982607476,0.021308999278952835,-0.012147012791233269,0.018294731182251098,-0.009340661175103501,-0.02539479935064012,0.0014149524777757956,0.007015806057479571,-0.04829421045114279,-0.022694729492914865,0.0036900921630438426,0.01809107657651545,-0.0010706568256278887,0.0082171690403504,-0.01291423991940932,0.048549424733195255,-0.023555332135657508,-0.03477137043093173,-0.046013362148464514,-0.06514025907723076,-0.0281637484808973,-0.017799431811135816,-0.05274701372793711,0.013949958314944803,-0.07524328594652513,-0.06608657682679532,0.10560998377239288
HBARUSDT_4h_trend,0.1714813565975242,0.22189003122348092,0.22265365671894255,0.16468177316111038,0.2478550786571178,0.06143847839419497,0.24295106551508958,0.27873648727521694,0.4381380601537506,0.11864189812765982,1.0,0.3547990014275499,0.14604713819920562,0.5115036169107976,0.4686203149889196,0.008738200181363578,0.5061147227270546,0.31628496434258235,0.05474416689138853,0.03290793420489848,0.1455369474827248,0.056150071013172334,-0.10808863668529395,0.2007980138238652,0.20887571150987072,0.20668387533504706,0.1878063268877358,-0.15819126311795995,0.14809971604069333,0.043522388220573936,0.04282865212538274,-0.06767794709637537,0.0005566420478541164,-0.021286629460955164,0.01750872261995733,0.03171905845795939,-0.00988699588451049,0.013602225390397217,0.003710685237279151,0.0050073796552867296,-0.023685321391272506,0.037106780694875205,0.0028362834818674715,-0.004035982778424512,0.031135902911928855,-0.016220831723681668,-0.01455963993896488,0.05815184312524506,-0.02499812783672899,-0.05650375808332729,0.071360781133497,-0.07163651773655579,-0.06814514588708934,0.1671158499494694
SUIUSDT_4h_trend,0.21306567686269356,0.2662927250009965,0.270324310485987,0.1899484967392442,0.3143071984586761,0.10383736916814074,0.32565717211705486,0.43132713857640265,0.4861913010154194,0.11592053936714587,0.3547990014275499,1.0,0.1837770276204881,0.43840791270313806,0.40784055356186893,0.09949025741417777,0.4760933867239303,0.3595928495449657,-0.0442952836731096,-0.06148495460820927,0.07887639635924958,-0.010526363151952841,-0.07264223259866733,0.18747988692163908,0.20989487949210903,0.1550152081910208,0.21282167354144058,-0.1516520941231313,0.18588796422811185,0.05264511868995843,0.028462743010138288,-0.020287015536740928,-0.04954770847898985,-0.03729543217514724,0.012182554443519773,-0.05453686209849706,0.006748146921753538,-0.020712409783901233,-0.014907189923499,-0.021601625396446174,0.020573958405184313,-0.0022840477245582797,-0.024114044167653812,-0.07988600994532502,0.04211411107164651,-0.07919842064031722,-0.020395084718799233,-0.08261930882770183,-0.08974325642480747,-0.09728060330505976,0.0012146693570597473,-0.1666251698918678,-0.1610526206767611,0.18340555294165606
NEARUSDT_4h_breakout,0.2025883010381351,0.15715588377424422,0.19207641248951932,0.20189347939060837,0.04687134864502189,0.20508690360913975,0.08961524622288478,0.08200490263032166,0.13890459580766093,0.25216899945263893,0.14604713819920562,0.1837770276204881,1.0,0.1596305514604935,0.14254901895309846,0.17433912117983846,0.17214051272513536,0.12048253754254251,0.05698782397190281,0.021115032237302697,0.03098820017565822,0.01103217964499853,-0.022489758887047573,0.1045101771948902,0.11244746945303871,0.24267793155927925,0.11166089381103404,-0.0610957512414686,0.10760070892609654,0.07128814928296381,0.08728386790018185,-0.03959145586635243,0.002198102003222079,0.019121717236966467,-0.007937108288052849,0.04827020448602786,-0.03802662680105014,0.02776123597789537,0.014454211927235842,-0.01056777089791809,-0.026211994604402114,-0.018815191051148865,0.03565196319250563,0.030685950527577614,0.035285945327750624,0.01091483295921589,0.013080764282781526,0.021874691480206425,-0.002802926085475584,-0.020385050127655097,0.029283694436655208,-0.023985449315707747,-0.018510477399187087,0.06480669677012309
ALGOUSDT_4h_trend,0.20804928256690713,0.1893499326188772,0.23590367348588154,0.24406660387226423,0.31254852835469965,0.04109934853859514,0.3403774371829195,0.34314858455516845,0.47766219975469576,0.10511661646871825,0.5115036169107976,0.43840791270313806,0.1596305514604935,1.0,0.5532066184297543,0.0820240285395415,0.4347811822492015,0.36896264210889634,-0.003106951424848542,-0.0010893889895083628,0.16356374052171813,0.03037400869429749,-0.15716272035088086,0.22905030439869517,0.20717537388704887,0.20535845262139943,0.1817462337389232,-0.159580572863088,0.1410429233022727,0.07169147620713488,0.0468381309424852,-0.02464530787573922,0.02049223821000972,-0.009855524845455507,0.037339385614091815,0.010798042591708135,0.01874126030857655,-0.015752093332004172,-0.0017642857219724681,-0.006957767299791828,0.013193983635070185,0.06751084085196463,0.026228755946455518,-0.0024778206206936735,-0.009324574851596552,-0.062223906889313015,-0.05979995899993668,0.010557549119900601,-0.06454540769763885,-0.05939507198569989,0.05147129776114633,-0.11374015960616711,-0.08259732511550456,0.12399592918905819
VETUSDT_4h_trend,0.20723786236298447,0.2777366662564631,0.32926619288542885,0.2715920448829549,0.38011712531348124,0.10135560571959298,0.3700534359818318,0.3717835293020337,0.5591127820190407,0.19697078937138107,0.4686203149889196,0.40784055356186893,0.14254901895309846,0.5532066184297543,1.0,0.049720162400087795,0.5462784389908245,0.3980797586396978,-0.007646894392887816,-0.03097445156636539,0.13306509003727618,0.05975053681098415,-0.17133929552228655,0.24733833765654106,0.19198355523341382,0.17272691052963338,0.18941282431134865,-0.15288492889714672,0.18104314845590097,0.04032846255710042,0.08761544617140733,-0.02352565235083709,0.03248568437235807,0.019285892242440348,0.0458569378883573,-0.03352384218761791,0.032937534291436435,-0.0016823060232458561,0.017763055618612297,0.004469431874078437,-0.0045239594756875294,0.02013820289899919,0.07383441749707753,-0.03711336566367458,-0.03618649506021051,-0.08619221782158074,-0.09412703591769586,0.007485344246473158,-0.07149266599212971,-0.09013451363991387,0.00924075133983163,-0.12634046288786674,-0.12455265920703797,0.10858796970643805
OPUSDT_4h_breakout,0.16160512113357042,0.14442125267259295,0.2012060555352307,0.1753765437165707,0.04928348167597924,0.20491570061657366,0.026451991958905238,0.004385693059124451,0.06726796921913679,0.1359910602066473,0.008738200181363578,0.09949025741417777,0.17433912117983846,0.0820240285395415,0.049720162400087795,1.0,0.031020562153428164,0.05810784461273142,-0.024298710429312007,-0.08664109872365858,-0.0026739389207072286,-0.021775457365725885,-0.004160431827363348,0.011563683930548695,0.02331530449048021,-0.006347604151128404,0.12856939759429858,0.01407963464835666,0.062181657062851795,0.009276388196401272,-0.02695418246419208,-0.04155270699385177,-0.006136160615731399,0.023996657090720745,0.00010669127947801152,0.040330216325313605,0.012767900926441552,0.024090003965715152,0.02657309847698593,0.018839385212685772,-0.04185857244849817,-0.011705107586278154,0.001025138640503808,0.03804645550019078,0.002816638492326679,0.024427118447532432,0.03718441064100664,0.0068349143683148214,0.037079564973938446,0.005912121309578494,-0.03351997045915789,-0.0026152724392307595,0.026188383418434415,-0.05862265373311264
GRTUSDT_4h_trend,0.22803993648113674,0.253227703232415,0.2624049021390983,0.16247805852766242,0.3109982540832755,0.1079986034057994,0.2906408465189869,0.31567062587022754,0.46453544129044566,0.11985905727805171,0.5061147227270546,0.4760933867239303,0.17214051272513536,0.4347811822492015,0.5462784389908245,0.031020562153428164,1.0,0.4112435776790972,-0.024678400614443544,0.01332524598874606,0.12263697626148763,0.01430055602904176,-0.12555154567256124,0.1864442306665589,0.20460711394954256,0.2319684098511978,0.20658828912198707,-0.18405358725619647,0.16591132467905578,0.06833275576391855,0.0777594396781584,-0.04500078159836636,0.008353502239386799,0.020228434712199556,0.009651450084681702,-0.0064259448053943695,-0.010087438031742908,-0.04188776849046946,-0.028741921254334224,-0.0420219912455329,-0.004858030111599564,0.0030688731516427888,0.00952779652374275,-0.05677427726903327,0.002776933398995213,-0.06430512017646599,-0.07822973088652697,0.008421078065910621,-0.046050044713034644,-0.08824404190101667,0.046970069466545715,-0.13070197945765477,-0.13334121372214727,0.13359785090893464
RUNEUSDT_4h_trend,0.2060065039039697,0.21575283615887755,0.2338993363248652,0.20802380633864562,0.33340538045376555,0.07009690889973416,0.26822607501170337,0.3001490008757286,0.39686223289733286,0.10801415198222303,0.31628496434258235,0.3595928495449657,0.12048253754254251,0.36896264210889634,0.3980797586396978,0.05810784461273142,0.4112435776790972,1.0,0.04080744691562908,0.026700494521601364,0.08880384908930018,0.03684126439044563,-0.1338386173635785,0.18169249930093598,0.19851791235092653,0.14159686330545457,0.1809024375316932,-0.10459808997260656,0.17994775893139606,0.05050739855605155,0.04382303780019247,-0.033495322405875584,-0.015368970062038051,0.00939774996631174,0.01686001511168503,-0.012535787004483654,-0.018536164705357332,-0.005100558926581227,0.019676104204236187,0.0034721565545674693,-0.010270700282814368,0.029656152562416133,0.036352151294159585,-0.012782352401009861,0.02905464368165902,-0.042729708922737544,-0.010035321056262455,0.04050834098338891,0.007965825221464978,-0.04484714967124047,0.050284174320646025,-0.05069065655043183,-0.07183769458192997,0.08676202350359938
BTCUSDT_1d_trend,0.0589052823595955,0.003019251965753039,0.027031052933478055,-0.040757862440096305,0.2673290477988384,0.07190646594217398,0.16714261439744985,0.09052935877626522,0.06777246505106725,0.05141545718408858,0.05474416689138853,-0.0442952836731096,0.05698782397190281,-0.003106951424848542,-0.007646894392887816,-0.024298710429312007,-0.024678400614443544,0.04080744691562908,1.0,0.43168236357065176,0.05593769952483543,0.29062403391181507,-0.04368780220221476,0.08134515989161079,0.08797835520119839,0.07652375738914839,0.10229815546066583,0.04876452929055964,0.02061266422822688,0.09128416185062482,0.018170727448701463,-0.022978033116025125,0.006216576690302746,0.0041591698711533264,0.009044534610703805,0.13256888763003552,0.046715289375162394,0.11209701606033219,0.1192661856890292,0.11764836860042362,-0.029546105945568734,0.1299723945972148,0.08904075562411087,0.2077300291853164,0.11608834273730236,0.10687757333126773,0.10205911893166868,0.16145131544790933,0.11216888975271619,0.083681888628721,0.08844602508906842,0.16663650273486882,0.1779351993056526,0.05863086835607963
BNBUSDT_1d_trend,0.014956257286207907,-0.05655724210695763,-0.012496350698270863,-0.15221073997284193,0.11428467042388463,0.06607990386708658,0.29226113806520115,0.039900467132653494,0.04905199762931718,-0.011986463726574609,0.03290793420489848,-0.06148495460820927,0.021115032237302697,-0.0010893889895083628,-0.03097445156636539,-0.08664109872365858,0.01332524598874606,0.026700494521601364,0.43168236357065176,1.0,0.02258139419927348,0.26929407265505795,-0.09446459233403984,0.0413994970253366,0.08142098192455788,-0.035986114605412824,0.033396984967528826,0.011244070122735154,-0.05917674031580487,0.059636300878834876,0.01628098349117302,-0.01357284522480181,0.03946874967974655,0.004076766819672774,0.01692081295727273,0.13038035975335951,0.041090092401254705,0.10990929551233865,0.07455981604028498,0.12365957896624222,0.01065104221608846,0.045954632471025374,0.06395046539294125,0.2075908875759504,0.15455009158060004,0.11772305212561716,0.0900596781480536,0.09489890639722094,0.07741253993235919,0.08370102673073852,0.08883846839905739,0.1302251530977494,0.14837296074890527,0.0048350193686593134
XRPUSDT_1d_breakout,0.05163549960033502,0.07906793612671455,0.07991551884812359,0.05129660969447836,0.06631104872051218,0.03145961387630324,0.08595122740579557,0.08630885254893686,0.12764620445502853,0.06950549977279898,0.1455369474827248,0.07887639635924958,0.03098820017565822,0.16356374052171813,0.13306509003727618,-0.0026739389207072286,0.12263697626148763,0.08880384908930018,0.05593769952483543,0.02258139419927348,1.0,0.04952186797096888,-0.14740552401200369,0.17940662515457992,0.1285064320861426,0.06282486026787855,0.2693878777505063,-0.04341861802551266,0.09057123864891325,0.01769108590992913,0.029907251697688268,0.02298466775995414,0.013459786604208107,0.023627308169784013,0.03408896427252929,0.03932735634436824,0.045435412350060496,-0.00016558719129901645,0.009787699091863078,0.0036738237066127216,0.0416295285253309,0.027600270743871474,0.014024397933012534,0.03046159090715496,0.03851578619213186,0.03364240450729179,0.0021288681441490507,0.042502134609013524,0.04981701809301618,-0.01358419908696219,0.047258822418219625,0.02780845421606272,0.025472224640327758,0.022299520937102222
TRXUSDT_1d_trend,0.02452627303869546,-0.023495962151214602,0.007086564295755019,-0.07377571818079533,0.053291198468599255,0.05970045774937057,0.10894970715690123,0.021849951033661774,0.018681359175296446,0.014462128702605938,0.056150071013172334,-0.010526363151952841,0.01103217964499853,0.03037400869429749,0.05975053681098415,-0.021775457365725885,0.01430055602904176,0.03684126439044563,0.29062403391181507,0.26929407265505795,0.04952186797096888,1.0,-0.023087313454691845,0.016662159221264263,0.03319116315832466,0.05226464122166815,0.03782307337198953,0.024380129845151952,0.06755735870108177,0.008068097932916516,0.0004903934921319536,-0.015821170480003626,0.001315790309847517,0.023855511620628645,0.02393051425958886,0.05126026507499056,0.022078228053839823,0.0363328663537323,0.06395479103556172,0.03594863117183296,-0.02061425350937516,0.04197831717906778,0.006694553145397306,0.08381213634574856,0.05308203908287869,0.04768387141929709,0.028258622198648952,0.05355272482382519,0.025700527215997228,0.045331904638399416,0.049248175771427524,0.058429240208783546,0.06277472046411467,-0.045611561853260166
TRXUSDT_1d_carry,-0.03210718123053401,-0.02854915964152575,-0.08176290067912499,-0.055235607334499975,-0.13144212553399198,-0.041831392070965125,-0.1308663438798426,-0.09079452683327704,-0.14142254079424738,-0.05567278596035775,-0.10808863668529395,-0.07264223259866733,-0.022489758887047573,-0.15716272035088086,-0.17133929552228655,-0.004160431827363348,-0.12555154567256124,-0.1338386173635785,-0.04368780220221476,-0.09446459233403984,-0.14740552401200369,-0.023087313454691845,1.0,-0.18290379485996466,-0.13693499445743496,-0.044948161083564545,-0.13120148036752347,0.059828006092219554,-0.07230098711485818,0.03673315767809819,0.028923457490271278,0.02467901974262958,0.024831862844962457,-0.011237910763648613,0.014094889028788757,0.016108989777430038,-0.012173123224006247,0.02733714502897055,0.026313503402035747,-0.003393740063008354,-0.00015279426640189166,0.05534421208617665,0.03172967187055432,0.04539546028317245,0.01495723561360065,0.011039822502417302,0.023877365096044104,0.027247956847162608,0.0350180005723353,0.013285992096460074,-0.028637939494484003,0.0274921994428946,0.02238080423060003,0.016388198015360886
ADAUSDT_1d_breakout,0.12069640663658138,0.13132790044939396,0.28228312494801,0.0722232586228166,0.1967534935867535,0.052723856928777804,0.14223832413232793,0.1870039781249569,0.4178996903804578,0.23857067449879416,0.2007980138238652,0.18747988692163908,0.1045101771948902,0.22905030439869517,0.24733833765654106,0.011563683930548695,0.1864442306665589,0.18169249930093598,0.08134515989161079,0.0413994970253366,0.17940662515457992,0.016662159221264263,-0.18290379485996466,1.0,0.2707668253272162,0.22670897059102477,0.20794567090125007,-0.1488321216907951,0.1769836107250126,0.03856340831665756,0.04892181412347161,-0.01422364463543645,0.021248769658702173,0.03424103411787955,0.03834916567182039,0.01920264827832328,0.04519134804493057,-0.0011960068721751631,0.04166581032916368,-0.013571866993417461,0.0038748794609869733,0.016918973276105455,0.010992973971228956,0.008823216260277525,0.05151578602082273,0.006488555504425237,-0.005732153966202835,0.036248354924067465,0.013341418871789993,-0.04346825892327829,0.012798176360517867,-0.008619173201651628,-0.012028435583804805,0.10931311661375802
AVAXUSDT_1d_breakout,0.15721719816457846,0.1057292436468091,0.15859982927432714,0.10170855836812719,0.18379454135479362,0.040507236666718946,0.14695843656928054,0.1430064430832034,0.21997094765387637,0.11252326177693205,0.20887571150987072,0.20989487949210903,0.11244746945303871,0.20717537388704887,0.19198355523341382,0.02331530449048021,0.20460711394954256,0.19851791235092653,0.08797835520119839,0.08142098192455788,0.1285064320861426,0.03319116315832466,-0.13693499445743496,0.2707668253272162,1.0,0.23171712206276035,0.20677629075087622,-0.11130733069764659,0.2983724260578053,0.06953780839022049,0.1068876957635638,0.010480603798826394,-0.05740592714906211,0.038291690592041704,0.009393493424083455,0.029477959064314167,0.1127745797256637,0.04045981780082382,0.006866741733231872,0.006024189114730562,-0.02115769418062859,0.043015141277385635,0.0458799907817394,0.013245210918753747,0.07339373994839303,-0.004647490500081291,0.03220296702068562,0.015238888804359526,0.019170188301678548,-0.021691473985727242,0.04801720658128724,0.005536841524554031,0.009803581744739383,0.10247314914191777
NEARUSDT_1d_breakout,0.14934318916482137,0.0940690703344652,0.1287141908405535,0.07930355134714225,0.13151020561181054,0.0002586922425016494,0.15077427856269393,0.11261240143909829,0.1845404475238184,0.07763182393935235,0.20668387533504706,0.1550152081910208,0.24267793155927925,0.20535845262139943,0.17272691052963338,-0.006347604151128404,0.2319684098511978,0.14159686330545457,0.07652375738914839,-0.035986114605412824,0.06282486026787855,0.05226464122166815,-0.044948161083564545,0.22670897059102477,0.23171712206276035,1.0,0.2047318117106019,-0.12318289317040632,0.1587208283625354,0.02695388306833938,0.048506407482691645,0.018578621049164204,0.015492661515337024,-0.025412431634423867,-0.0022558396016662116,0.01874305072725962,-0.0313220028725076,-0.014603004033965862,0.009662066688866225,-0.02279665120803946,-0.027653684952634323,-0.017217135782126632,0.021513378015901558,-0.0039056273455658616,0.05250296350993411,0.02042194968495126,-0.006325345896280299,0.022159381763374807,-0.004995970758235758,-0.03170933072369552,0.010040465025165493,0.013237733717590837,0.004360179194536702,0.11064118997725703
ETCUSDT_1d_breakout,0.14661942683309667,0.12982302782392646,0.17218832044115714,0.1588776177149971,0.17795271207117577,0.09867534926486811,0.14153431198877064,0.15526673597182772,0.1976155017481192,0.10862292144954902,0.1878063268877358,0.21282167354144058,0.11166089381103404,0.1817462337389232,0.18941282431134865,0.12856939759429858,0.20658828912198707,0.1809024375316932,0.10229815546066583,0.033396984967528826,0.2693878777505063,0.03782307337198953,-0.13120148036752347,0.20794567090125007,0.20677629075087622,0.2047318117106019,1.0,-0.10545654065635998,0.23647744082376396,0.07859430132591214,0.05395439744846241,0.008149055127116849,0.010332921389746943,0.06067208230934565,0.06765099169558123,-0.002078841057318881,0.04520178936470422,0.006859078919280845,0.03282175938511346,0.009030227825067695,-0.02076836087240474,0.0002905480760474669,0.05085611925221657,0.0068522018335303424,0.06613822366781222,0.008571933595011908,0.032046433857510416,-0.019603545966076597,-0.01408404217867021,-0.0493409346044237,-0.018152543571187927,-0.03436125456024595,-0.05421862235427609,0.021379101426553
QNTUSDT_1d_carry,-0.0534410656664232,-0.03607596442869143,-0.09414752427445253,-0.0737222101277053,-0.07999646511421178,0.004400679455281867,-0.11377940109193412,-0.15898153078240562,-0.13469332783635715,-0.06525838982607476,-0.15819126311795995,-0.1516520941231313,-0.0610957512414686,-0.159580572863088,-0.15288492889714672,0.01407963464835666,-0.18405358725619647,-0.10459808997260656,0.04876452929055964,0.011244070122735154,-0.04341861802551266,0.024380129845151952,0.059828006092219554,-0.1488321216907951,-0.11130733069764659,-0.12318289317040632,-0.10545654065635998,1.0,-0.06839932991096614,-0.025030695929979748,-0.0507679801504313,0.02220350519324721,-0.053885117447309464,-0.017853048216863787,0.0002677026452415307,-0.0708619632553605,-0.03727067316682798,-0.018385244256097725,-0.06011150223436867,-0.0820366910059846,-0.01575920836926612,-0.008376352665829076,-0.09142089700321065,-0.06669501154069434,-0.09043626878302467,-0.07363696674531334,-0.009433766527657084,0.027285540411655845,0.023319524021282352,-0.023264017899532283,-0.04201512166735156,0.0051047019970651445,0.006624087920385575,-0.10538455212293134
INJUSDT_1d_breakout,0.07730342720378273,0.11106324356119093,0.1323309158532941,0.06059575432400655,0.1196529459538342,0.04864420926255752,0.11762419007955642,0.14683135061941188,0.14315234156426193,0.021308999278952835,0.14809971604069333,0.18588796422811185,0.10760070892609654,0.1410429233022727,0.18104314845590097,0.062181657062851795,0.16591132467905578,0.17994775893139606,0.02061266422822688,-0.05917674031580487,0.09057123864891325,0.06755735870108177,-0.07230098711485818,0.1769836107250126,0.2983724260578053,0.1587208283625354,0.23647744082376396,-0.06839932991096614,1.0,0.0376834012664691,-0.015168036413015952,-0.06476216508452756,-0.0049833965337340485,0.012191824035492432,0.012388845203648828,0.014466646531472832,0.06397426745169993,0.006471250968011898,0.0011394977895474749,0.05914645990106048,-0.03715542658503719,-0.029377446595780378,0.04639400995853929,0.008697114479620753,0.057585439616623144,-0.014410320853075084,5.8801940883559827e-05,-0.01764420168864793,-0.02876672521356697,-0.017347163859208006,0.04367954234607406,-0.10408457420171123,-0.08885658358759409,0.12418453907054851
TSLA_1h_trend,0.018976533970979634,0.06124440139871265,0.033017221053982596,0.03133253327548145,0.07483257110129685,0.02919376581562641,0.09982786588712524,0.05354462233288744,0.07406096425743017,-0.012147012791233269,0.043522388220573936,0.05264511868995843,0.07128814928296381,0.07169147620713488,0.04032846255710042,0.009276388196401272,0.06833275576391855,0.05050739855605155,0.09128416185062482,0.059636300878834876,0.01769108590992913,0.008068097932916516,0.03673315767809819,0.03856340831665756,0.06953780839022049,0.02695388306833938,0.07859430132591214,-0.025030695929979748,0.0376834012664691,1.0,0.2919295638692757,0.04399498011338117,0.05115632344501754,0.06465991344081459,0.10971121368594762,0.10178054935508266,0.10556490490547511,0.11772695584499536,0.08537274895292715,0.06628503212991103,-0.019916644179166713,0.028669189779954866,0.06893281601388118,0.18079905140796532,0.13862363363171198,0.052460412740125986,0.05510068660223165,0.03485466334168759,-4.111474478136065e-05,0.008303089751907605,0.06876868312285951,0.015937870195731667,0.05046971040499253,0.03626069679775769
TSLA_1h_breakout,0.06964197250778999,0.024146963156964497,0.04361145181020011,0.04147301904376688,0.02865516727499561,-0.005165190558851223,0.04251821198496067,0.004286666461175958,0.04338983517855195,0.018294731182251098,0.04282865212538274,0.028462743010138288,0.08728386790018185,0.0468381309424852,0.08761544617140733,-0.02695418246419208,0.0777594396781584,0.04382303780019247,0.018170727448701463,0.01628098349117302,0.029907251697688268,0.0004903934921319536,0.028923457490271278,0.04892181412347161,0.1068876957635638,0.048506407482691645,0.05395439744846241,-0.0507679801504313,-0.015168036413015952,0.2919295638692757,1.0,0.06221539870780311,0.010103165886674781,0.15087267495251874,0.01715804551643895,0.012734084356707776,0.044886356685218017,-0.009973915711398702,0.039456747681977704,0.012031418116657167,-0.02759969177464667,0.01210361666131706,0.01692226980552235,0.022274019898781028,0.024384739349708383,-0.0070094932922379885,-0.01559032102408428,0.020626334813946757,-0.003967451144819701,-0.00923133539822048,0.0013565158971693262,-0.021279207939285318,-0.005428080269520266,0.010400083356360893
XOM_1h_breakout,-0.05897643355832205,-0.03506499508945348,-0.04358978634693193,-0.02550592082089795,-0.028267181478268778,0.015279172312001616,0.009598348030469528,-0.022915866120873006,-0.04198034285977428,-0.009340661175103501,-0.06767794709637537,-0.020287015536740928,-0.03959145586635243,-0.02464530787573922,-0.02352565235083709,-0.04155270699385177,-0.04500078159836636,-0.033495322405875584,-0.022978033116025125,-0.01357284522480181,0.02298466775995414,-0.015821170480003626,0.02467901974262958,-0.01422364463543645,0.010480603798826394,0.018578621049164204,0.008149055127116849,0.02220350519324721,-0.06476216508452756,0.04399498011338117,0.06221539870780311,1.0,0.08844011188646476,0.013836257280905645,0.034157024591916746,-0.035528452338251,0.006139661466176563,0.01852664708549496,-0.004721141522653652,0.01563977736000653,-0.020799605977979335,-0.04652635965985578,0.020740112101913767,0.020946091796999883,-0.04176055075989657,-0.06600826923523796,-0.05392045502477147,-0.08077512420887052,-0.1085167583446773,-0.0534677080833354,-0.018197509002135848,-0.11085581709055818,-0.09148954069982623,-0.009972251970742576
CAT_1h_trend,0.007410233689386235,-0.03335549005496064,-0.029874122350527724,-0.02462662400243948,0.026789375907688377,-0.01442379914763865,0.09148656281017553,0.05039675450146893,0.005761992445835572,-0.02539479935064012,0.0005566420478541164,-0.04954770847898985,0.002198102003222079,0.02049223821000972,0.03248568437235807,-0.006136160615731399,0.008353502239386799,-0.015368970062038051,0.006216576690302746,0.03946874967974655,0.013459786604208107,0.001315790309847517,0.024831862844962457,0.021248769658702173,-0.05740592714906211,0.015492661515337024,0.010332921389746943,-0.053885117447309464,-0.0049833965337340485,0.05115632344501754,0.010103165886674781,0.08844011188646476,1.0,0.01620554370877349,0.08417875729723967,0.05363514737373723,0.05072188142215949,0.09101142788728171,0.11076977347071787,0.12536566558933462,-0.03027523696751727,-0.00848458187626474,0.10201112659189064,0.14266049728712385,-0.014895758825585532,-0.03878175497945928,-0.03807990019925728,-0.07877753552491992,-0.08727203841141729,-0.015500802194686077,-0.013093851337217431,-0.06557377557999797,-0.066438045978744,0.01915219173001325
QQQ_1h_breakout,0.060605159883066494,0.04909711530204777,0.027202200992582776,0.0006590696712105118,0.0322416580693541,0.056213486176602774,0.04808763896319388,0.025135451839953377,-0.0008668467659210062,0.0014149524777757956,-0.021286629460955164,-0.03729543217514724,0.019121717236966467,-0.009855524845455507,0.019285892242440348,0.023996657090720745,0.020228434712199556,0.00939774996631174,0.0041591698711533264,0.004076766819672774,0.023627308169784013,0.023855511620628645,-0.011237910763648613,0.03424103411787955,0.038291690592041704,-0.025412431634423867,0.06067208230934565,-0.017853048216863787,0.012191824035492432,0.06465991344081459,0.15087267495251874,0.013836257280905645,0.01620554370877349,1.0,0.11618097970937341,0.030157947435802544,0.17319259672439505,0.0025163976859146945,0.06805369125547363,0.061561060021535934,-0.013976718246018677,0.022734840756623506,0.019615218375770016,0.0535779553019875,0.017173857936192177,-0.004558239198829852,-0.02920831452154765,-0.013682834782593873,-0.049487847161092294,0.032502471502470785,-0.008921292145161583,-0.039348531524621935,0.017114245165245394,-0.04228044811487154
AAPL_4h_breakout,0.04513788498269204,0.021163395529304286,0.04344874525689187,-0.004035160135048043,0.04812423588424338,0.07810103941733941,0.04343367558175357,0.004420768274819391,0.0253931394831079,0.007015806057479571,0.01750872261995733,0.012182554443519773,-0.007937108288052849,0.037339385614091815,0.0458569378883573,0.00010669127947801152,0.009651450084681702,0.01686001511168503,0.009044534610703805,0.01692081295727273,0.03408896427252929,0.02393051425958886,0.014094889028788757,0.03834916567182039,0.009393493424083455,-0.0022558396016662116,0.06765099169558123,0.0002677026452415307,0.012388845203648828,0.10971121368594762,0.01715804551643895,0.034157024591916746,0.08417875729723967,0.11618097970937341,1.0,0.029237166284084532,0.2392321087830369,0.14144040176043307,0.14583437988827216,0.12018027353956046,-0.06043516110001508,-0.009468300970442994,0.12896857037035336,0.1670440845053725,0.020535560273218963,-0.03304772447495597,-0.03677581992899718,-0.07675306083898466,-0.07054331762077638,0.023146886699749396,-0.05405959804461649,-0.07510527268962196,-0.05729790616005206,-0.006073945379070936
NVDA_4h_trend,0.0017844580715913993,-0.05799983927575456,-0.04483683120838665,-0.04193861241188246,0.01728164886742943,-0.0001302388941824538,-0.0037188867453152316,-0.012054043272483364,-0.021574315616155394,-0.04829421045114279,0.03171905845795939,-0.05453686209849706,0.04827020448602786,0.010798042591708135,-0.03352384218761791,0.040330216325313605,-0.0064259448053943695,-0.012535787004483654,0.13256888763003552,0.13038035975335951,0.03932735634436824,0.05126026507499056,0.016108989777430038,0.01920264827832328,0.029477959064314167,0.01874305072725962,-0.002078841057318881,-0.0708619632553605,0.014466646531472832,0.10178054935508266,0.012734084356707776,-0.035528452338251,0.05363514737373723,0.030157947435802544,0.029237166284084532,1.0,0.1605851772051124,0.3068436162099572,0.1944694517377025,0.39022891609923,-0.03252519872507929,0.2377919121035146,0.1895189833055178,0.6295396311963364,0.3994991266339228,0.7799862647092273,0.3316301198336054,0.1921923493208099,0.18575231901091876,0.3958138575196578,0.32116927443365845,0.42629440235898847,0.532772272566846,0.009880631805067338
NVDA_4h_breakout,0.016760353321859114,-0.012987876738596891,-0.00800778670170417,-0.03738322629980182,0.08698630604650322,0.03233757479840547,0.08195123099249872,0.023795645838958105,-0.0062205783524724645,-0.022694729492914865,-0.00988699588451049,0.006748146921753538,-0.03802662680105014,0.01874126030857655,0.032937534291436435,0.012767900926441552,-0.010087438031742908,-0.018536164705357332,0.046715289375162394,0.041090092401254705,0.045435412350060496,0.022078228053839823,-0.012173123224006247,0.04519134804493057,0.1127745797256637,-0.0313220028725076,0.04520178936470422,-0.03727067316682798,0.06397426745169993,0.10556490490547511,0.044886356685218017,0.006139661466176563,0.05072188142215949,0.17319259672439505,0.2392321087830369,0.1605851772051124,1.0,0.0894648752871889,0.12655891987112108,0.15798663881146977,0.004982271147030795,0.04137112655418674,0.12255555622696501,0.09867944657490281,-0.002260522505460534,0.09120999348195646,-0.050017888126693485,-0.05305703671090727,-0.06330694506935694,0.08665132531334324,-0.04190949105472432,-0.06075357058112562,-0.011304508993689302,-0.003963092830671313
GOOGL_4h_trend,-0.003055216886082723,-0.044581394948528995,-0.007286457902080643,-0.11955941856037224,0.03624239477847502,-0.0026272234008507356,0.02141200734885521,0.004067916917708974,0.027884248126608908,0.0036900921630438426,0.013602225390397217,-0.020712409783901233,0.02776123597789537,-0.015752093332004172,-0.0016823060232458561,0.024090003965715152,-0.04188776849046946,-0.005100558926581227,0.11209701606033219,0.10990929551233865,-0.00016558719129901645,0.0363328663537323,0.02733714502897055,-0.0011960068721751631,0.04045981780082382,-0.014603004033965862,0.006859078919280845,-0.018385244256097725,0.006471250968011898,0.11772695584499536,-0.009973915711398702,0.01852664708549496,0.09101142788728171,0.0025163976859146945,0.14144040176043307,0.3068436162099572,0.0894648752871889,1.0,0.29108035421846334,0.3039113771502375,-0.031473509757326115,0.07460248500004035,0.20230884888608186,0.542885692023574,0.2779262858872915,0.22575372174264288,0.6104026633403414,0.10807293300951325,0.08801003609435257,0.20556776731602264,0.19077518174061273,0.3019030759730224,0.3607113076076865,0.03727565943944239
META_4h_trend,-0.00876031107818222,-0.03332653386305617,0.010026424626728822,-0.06387410222824991,0.07915943352442267,-0.030171523379662293,0.06731987200810689,-0.008731226430367311,0.05255724989209194,0.01809107657651545,0.003710685237279151,-0.014907189923499,0.014454211927235842,-0.0017642857219724681,0.017763055618612297,0.02657309847698593,-0.028741921254334224,0.019676104204236187,0.1192661856890292,0.07455981604028498,0.009787699091863078,0.06395479103556172,0.026313503402035747,0.04166581032916368,0.006866741733231872,0.009662066688866225,0.03282175938511346,-0.06011150223436867,0.0011394977895474749,0.08537274895292715,0.039456747681977704,-0.004721141522653652,0.11076977347071787,0.06805369125547363,0.14583437988827216,0.1944694517377025,0.12655891987112108,0.29108035421846334,1.0,0.26824267530858603,-0.02540128400907324,0.1454382663874211,0.1961716552288351,0.39277604255330606,0.1613211631498366,0.07621467345807297,0.06898223657290353,0.055241975019961614,0.06987325049352111,0.07803354522856432,0.05535481228674918,0.03399216849032951,0.0893298741104968,0.002834301928807856
AVGO_4h_trend,-0.025799167965932644,-0.09297584342783925,-0.01706495893201548,-0.08241503835261355,0.07712798492197954,-0.030078467920991954,0.03774908414443401,0.01651286945112438,0.029184412669318857,-0.0010706568256278887,0.0050073796552867296,-0.021601625396446174,-0.01056777089791809,-0.006957767299791828,0.004469431874078437,0.018839385212685772,-0.0420219912455329,0.0034721565545674693,0.11764836860042362,0.12365957896624222,0.0036738237066127216,0.03594863117183296,-0.003393740063008354,-0.013571866993417461,0.006024189114730562,-0.02279665120803946,0.009030227825067695,-0.0820366910059846,0.05914645990106048,0.06628503212991103,0.012031418116657167,0.01563977736000653,0.12536566558933462,0.061561060021535934,0.12018027353956046,0.39022891609923,0.15798663881146977,0.3039113771502375,0.26824267530858603,1.0,-0.03899971889475994,0.09325172212166002,0.2957035663014295,0.530305049802899,0.217204990853959,0.3567026373378721,0.18943709549824234,0.034713198690937606,0.09194697521136765,0.7300767326237397,0.04390441604991151,0.25496164211427597,0.28671282249525576,-0.012423830097344749
MRK_4h_mean_reversion,-0.04156167264350003,-0.037194866548764006,-0.019180946537241995,-0.023573889185235935,-0.003533344246504585,-0.015858564906069166,-0.017130270191554112,0.021161049965884346,-0.012090707835921515,0.0082171690403504,-0.023685321391272506,0.020573958405184313,-0.026211994604402114,0.013193983635070185,-0.0045239594756875294,-0.04185857244849817,-0.004858030111599564,-0.010270700282814368,-0.029546105945568734,0.01065104221608846,0.0416295285253309,-0.02061425350937516,-0.00015279426640189166,0.0038748794609869733,-0.02115769418062859,-0.027653684952634323,-0.02076836087240474,-0.01575920836926612,-0.03715542658503719,-0.019916644179166713,-0.02759969177464667,-0.020799605977979335,-0.03027523696751727,-0.013976718246018677,-0.06043516110001508,-0.03252519872507929,0.004982271147030795,-0.031473509757326115,-0.02540128400907324,-0.03899971889475994,1.0,0.005208055202894003,-0.05112000519274296,-0.02603904209903763,0.03851389305516426,0.0011724177542933964,0.03466344544042345,0.032649463388690035,0.010903015987655498,-0.0006870791874273305,0.013851368614751088,0.0337021065093823,0.0164369065649086,0.014007820570061318
NFLX_4h_trend,0.022728152930172003,-0.009679231977339478,0.010223206879902727,0.0026524484798148575,0.005361857375126383,-0.0129940006749329,0.007822280972038239,0.01517443057964375,-0.010535790018031038,-0.01291423991940932,0.037106780694875205,-0.0022840477245582797,-0.018815191051148865,0.06751084085196463,0.02013820289899919,-0.011705107586278154,0.0030688731516427888,0.029656152562416133,0.1299723945972148,0.045954632471025374,0.027600270743871474,0.04197831717906778,0.05534421208617665,0.016918973276105455,0.043015141277385635,-0.017217135782126632,0.0002905480760474669,-0.008376352665829076,-0.029377446595780378,0.028669189779954866,0.01210361666131706,-0.04652635965985578,-0.00848458187626474,0.022734840756623506,-0.009468300970442994,0.2377919121035146,0.04137112655418674,0.07460248500004035,0.1454382663874211,0.09325172212166002,0.005208055202894003,1.0,0.06257087430346779,0.2551468679687053,0.19805044504568756,0.20242358057933796,0.14854954389319747,0.23487773910561208,0.20279815939403179,0.15895961794981708,0.1864017499973497,0.23677602666012806,0.31139517301577885,-0.003941527490666405
ORCL_4h_trend,0.04552729223653741,-0.000450244526541924,0.03320636243442302,-0.026365718689973273,0.06201284506719464,0.01920232940259065,0.09073035350139441,0.032493004749315185,0.05656264347213916,0.048549424733195255,0.0028362834818674715,-0.024114044167653812,0.03565196319250563,0.026228755946455518,0.07383441749707753,0.001025138640503808,0.00952779652374275,0.036352151294159585,0.08904075562411087,0.06395046539294125,0.014024397933012534,0.006694553145397306,0.03172967187055432,0.010992973971228956,0.0458799907817394,0.021513378015901558,0.05085611925221657,-0.09142089700321065,0.04639400995853929,0.06893281601388118,0.01692226980552235,0.020740112101913767,0.10201112659189064,0.019615218375770016,0.12896857037035336,0.1895189833055178,0.12255555622696501,0.20230884888608186,0.1961716552288351,0.2957035663014295,-0.05112000519274296,0.06257087430346779,1.0,0.28857032499644175,0.11250897310873327,0.08975664203517003,0.0004497918091512166,-0.0023182538890166972,-0.0034194155224826803,0.11397215553453663,0.015821182844154354,0.02989446895508935,0.052879425747763095,-0.001376811176815154
QQQ_4h_trend,-0.033273977592782944,-0.1020764722365698,-0.04347797742563936,-0.11072498572943079,0.04785574749962156,-0.030396808119564234,0.038300595143908975,0.004692044227206587,-0.01907925532161189,-0.023555332135657508,-0.004035982778424512,-0.07988600994532502,0.030685950527577614,-0.0024778206206936735,-0.03711336566367458,0.03804645550019078,-0.05677427726903327,-0.012782352401009861,0.2077300291853164,0.2075908875759504,0.03046159090715496,0.08381213634574856,0.04539546028317245,0.008823216260277525,0.013245210918753747,-0.0039056273455658616,0.0068522018335303424,-0.06669501154069434,0.008697114479620753,0.18079905140796532,0.022274019898781028,0.020946091796999883,0.14266049728712385,0.0535779553019875,0.1670440845053725,0.6295396311963364,0.09867944657490281,0.542885692023574,0.39277604255330606,0.530305049802899,-0.02603904209903763,0.2551468679687053,0.28857032499644175,1.0,0.4839650348499561,0.5367792918685763,0.4268324437325142,0.2460604229430404,0.21474792439623575,0.4207497323123715,0.3318673724176838,0.4766967784812195,0.6374595317226357,0.020008892567752512
MSFT_1d_trend,-0.012807741387816833,-0.023832818052546792,-0.026198243776553398,-0.022239215590602084,0.004736975117369375,0.007297881174717226,0.001809078588177411,0.046446721024034084,-0.011673749585925888,-0.03477137043093173,0.031135902911928855,0.04211411107164651,0.035285945327750624,-0.009324574851596552,-0.03618649506021051,0.002816638492326679,0.002776933398995213,0.02905464368165902,0.11608834273730236,0.15455009158060004,0.03851578619213186,0.05308203908287869,0.01495723561360065,0.05151578602082273,0.07339373994839303,0.05250296350993411,0.06613822366781222,-0.09043626878302467,0.057585439616623144,0.13862363363171198,0.024384739349708383,-0.04176055075989657,-0.014895758825585532,0.017173857936192177,0.020535560273218963,0.3994991266339228,-0.002260522505460534,0.2779262858872915,0.1613211631498366,0.217204990853959,0.03851389305516426,0.19805044504568756,0.11250897310873327,0.4839650348499561,1.0,0.36411623252722203,0.4091788882026027,0.36981915899110457,0.41662204346124077,0.29152446722917263,0.46774246453684676,0.4849576994953465,0.5604142447111353,0.014865199364562695
NVDA_1d_trend,-0.012620974150637213,-0.07001059299285388,-0.06577520897969294,-0.06436223353075793,-0.017853691413874273,0.0002826794986315983,-0.03958171411744365,-0.03588540505367235,-0.06301185316830656,-0.046013362148464514,-0.016220831723681668,-0.07919842064031722,0.01091483295921589,-0.062223906889313015,-0.08619221782158074,0.024427118447532432,-0.06430512017646599,-0.042729708922737544,0.10687757333126773,0.11772305212561716,0.03364240450729179,0.04768387141929709,0.011039822502417302,0.006488555504425237,-0.004647490500081291,0.02042194968495126,0.008571933595011908,-0.07363696674531334,-0.014410320853075084,0.052460412740125986,-0.0070094932922379885,-0.06600826923523796,-0.03878175497945928,-0.004558239198829852,-0.03304772447495597,0.7799862647092273,0.09120999348195646,0.22575372174264288,0.07621467345807297,0.3567026373378721,0.0011724177542933964,0.20242358057933796,0.08975664203517003,0.5367792918685763,0.36411623252722203,1.0,0.3628538793473279,0.2071171432446942,0.23221687158663293,0.3054081854288742,0.27239580926963,0.4000191730525485,0.4784740381145687,-0.009991930851696596
GOOGL_1d_trend,-0.030121338856442696,-0.05765725164531205,-0.07506399196383255,-0.12064706829109474,-0.041077694169598104,-0.020730449465765733,-0.04966748030047084,-0.017796577721061906,-0.05952165749893944,-0.06514025907723076,-0.01455963993896488,-0.020395084718799233,0.013080764282781526,-0.05979995899993668,-0.09412703591769586,0.03718441064100664,-0.07822973088652697,-0.010035321056262455,0.10205911893166868,0.0900596781480536,0.0021288681441490507,0.028258622198648952,0.023877365096044104,-0.005732153966202835,0.03220296702068562,-0.006325345896280299,0.032046433857510416,-0.009433766527657084,5.8801940883559827e-05,0.05510068660223165,-0.01559032102408428,-0.05392045502477147,-0.03807990019925728,-0.02920831452154765,-0.03677581992899718,0.3316301198336054,-0.050017888126693485,0.6104026633403414,0.06898223657290353,0.18943709549824234,0.03466344544042345,0.14854954389319747,0.0004497918091512166,0.4268324437325142,0.4091788882026027,0.3628538793473279,1.0,0.31578692007435594,0.335571707313116,0.2621235362240482,0.32693611094915676,0.5127996250470392,0.5724362996564348,0.012100223284550035
V_1d_trend,0.044214991491908565,-0.020600099473511994,-0.02084858039181169,0.005052642802460258,0.010766831084806658,0.0071596731497243025,-0.0022199588721963596,0.03762685674857112,-0.012854539020475644,-0.0281637484808973,0.05815184312524506,-0.08261930882770183,0.021874691480206425,0.010557549119900601,0.007485344246473158,0.0068349143683148214,0.008421078065910621,0.04050834098338891,0.16145131544790933,0.09489890639722094,0.042502134609013524,0.05355272482382519,0.027247956847162608,0.036248354924067465,0.015238888804359526,0.022159381763374807,-0.019603545966076597,0.027285540411655845,-0.01764420168864793,0.03485466334168759,0.020626334813946757,-0.08077512420887052,-0.07877753552491992,-0.013682834782593873,-0.07675306083898466,0.1921923493208099,-0.05305703671090727,0.10807293300951325,0.055241975019961614,0.034713198690937606,0.032649463388690035,0.23487773910561208,-0.0023182538890166972,0.2460604229430404,0.36981915899110457,0.2071171432446942,0.31578692007435594,1.0,0.7407006302317447,0.24536892971208513,0.4056558642236003,0.49927040507096315,0.5106880739259873,-0.005358089278608152
MA_1d_trend,-0.033697215845113065,-0.05552094165128827,-0.047796710521929096,-0.0057122456317524155,-0.040046055460336495,-0.017892702830309245,-0.06941787421493455,0.005483798253226812,-0.03914512231375038,-0.017799431811135816,-0.02499812783672899,-0.08974325642480747,-0.002802926085475584,-0.06454540769763885,-0.07149266599212971,0.037079564973938446,-0.046050044713034644,0.007965825221464978,0.11216888975271619,0.07741253993235919,0.04981701809301618,0.025700527215997228,0.0350180005723353,0.013341418871789993,0.019170188301678548,-0.004995970758235758,-0.01408404217867021,0.023319524021282352,-0.02876672521356697,-4.111474478136065e-05,-0.003967451144819701,-0.1085167583446773,-0.08727203841141729,-0.049487847161092294,-0.07054331762077638,0.18575231901091876,-0.06330694506935694,0.08801003609435257,0.06987325049352111,0.09194697521136765,0.010903015987655498,0.20279815939403179,-0.0034194155224826803,0.21474792439623575,0.41662204346124077,0.23221687158663293,0.335571707313116,0.7407006302317447,1.0,0.2733067488078958,0.36076178220819244,0.5424621118728697,0.552464952560817,-0.013636152492411893
AVGO_1d_trend,-0.05191902457745715,-0.1247960864087191,-0.08668370941172482,-0.10120495189695063,-0.03867453979183314,-0.02694122136281877,-0.0654950513204099,-0.0283688221519231,-0.06694650858755685,-0.05274701372793711,-0.05650375808332729,-0.09728060330505976,-0.020385050127655097,-0.05939507198569989,-0.09013451363991387,0.005912121309578494,-0.08824404190101667,-0.04484714967124047,0.083681888628721,0.08370102673073852,-0.01358419908696219,0.045331904638399416,0.013285992096460074,-0.04346825892327829,-0.021691473985727242,-0.03170933072369552,-0.0493409346044237,-0.023264017899532283,-0.017347163859208006,0.008303089751907605,-0.00923133539822048,-0.0534677080833354,-0.015500802194686077,0.032502471502470785,0.023146886699749396,0.3958138575196578,0.08665132531334324,0.20556776731602264,0.07803354522856432,0.7300767326237397,-0.0006870791874273305,0.15895961794981708,0.11397215553453663,0.4207497323123715,0.29152446722917263,0.3054081854288742,0.2621235362240482,0.24536892971208513,0.2733067488078958,1.0,0.22377940091398912,0.4292890934590655,0.471875344409121,-0.045574811791807474
ADBE_1d_trend,0.060539180242209376,0.013863153506716883,-0.013917489059287646,-0.02326276834653921,0.008086903916471079,0.007892637677334842,-0.025061746527340726,0.023102666548974186,-0.028159129247584326,0.013949958314944803,0.071360781133497,0.0012146693570597473,0.029283694436655208,0.05147129776114633,0.00924075133983163,-0.03351997045915789,0.046970069466545715,0.050284174320646025,0.08844602508906842,0.08883846839905739,0.047258822418219625,0.049248175771427524,-0.028637939494484003,0.012798176360517867,0.04801720658128724,0.010040465025165493,-0.018152543571187927,-0.04201512166735156,0.04367954234607406,0.06876868312285951,0.0013565158971693262,-0.018197509002135848,-0.013093851337217431,-0.008921292145161583,-0.05405959804461649,0.32116927443365845,-0.04190949105472432,0.19077518174061273,0.05535481228674918,0.04390441604991151,0.013851368614751088,0.1864017499973497,0.015821182844154354,0.3318673724176838,0.46774246453684676,0.27239580926963,0.32693611094915676,0.4056558642236003,0.36076178220819244,0.22377940091398912,1.0,0.38832139590082404,0.49236895444578993,0.01887332882214907
SPY_1d_trend,-0.05395440316318844,-0.11076566903253736,-0.1350501105504631,-0.14152772290560656,-0.05014022535479475,-0.02422654988423816,-0.03853044172842133,-0.010771013999641657,-0.10967569791425624,-0.07524328594652513,-0.07163651773655579,-0.1666251698918678,-0.023985449315707747,-0.11374015960616711,-0.12634046288786674,-0.0026152724392307595,-0.13070197945765477,-0.05069065655043183,0.16663650273486882,0.1302251530977494,0.02780845421606272,0.058429240208783546,0.0274921994428946,-0.008619173201651628,0.005536841524554031,0.013237733717590837,-0.03436125456024595,0.0051047019970651445,-0.10408457420171123,0.015937870195731667,-0.021279207939285318,-0.11085581709055818,-0.06557377557999797,-0.039348531524621935,-0.07510527268962196,0.42629440235898847,-0.06075357058112562,0.3019030759730224,0.03399216849032951,0.25496164211427597,0.0337021065093823,0.23677602666012806,0.02989446895508935,0.4766967784812195,0.4849576994953465,0.4000191730525485,0.5127996250470392,0.49927040507096315,0.5424621118728697,0.4292890934590655,0.38832139590082404,1.0,0.8449336081432971,-0.038726980311793904
QQQ_1d_trend,-0.04148661500881243,-0.10712022830157457,-0.08871481079268578,-0.1495973825689062,-0.04124360338965385,-0.028724800370338355,-0.043112018493537435,-0.03827397153307806,-0.11243602203335605,-0.06608657682679532,-0.06814514588708934,-0.1610526206767611,-0.018510477399187087,-0.08259732511550456,-0.12455265920703797,0.026188383418434415,-0.13334121372214727,-0.07183769458192997,0.1779351993056526,0.14837296074890527,0.025472224640327758,0.06277472046411467,0.02238080423060003,-0.012028435583804805,0.009803581744739383,0.004360179194536702,-0.05421862235427609,0.006624087920385575,-0.08885658358759409,0.05046971040499253,-0.005428080269520266,-0.09148954069982623,-0.066438045978744,0.017114245165245394,-0.05729790616005206,0.532772272566846,-0.011304508993689302,0.3607113076076865,0.0893298741104968,0.28671282249525576,0.0164369065649086,0.31139517301577885,0.052879425747763095,0.6374595317226357,0.5604142447111353,0.4784740381145687,0.5724362996564348,0.5106880739259873,0.552464952560817,0.471875344409121,0.49236895444578993,0.8449336081432971,1.0,-0.02330508087595265
CRYPTO50_1d_cross_sectional,-0.02047272004025192,-0.020147460360662464,0.02213738789826771,0.036151993954731114,0.009628196941106774,0.00011494006524217533,0.021295367562804823,0.10213473611940335,0.14650993189547631,0.10560998377239288,0.1671158499494694,0.18340555294165606,0.06480669677012309,0.12399592918905819,0.10858796970643805,-0.05862265373311264,0.13359785090893464,0.08676202350359938,0.05863086835607963,0.0048350193686593134,0.022299520937102222,-0.045611561853260166,0.016388198015360886,0.10931311661375802,0.10247314914191777,0.11064118997725703,0.021379101426553,-0.10538455212293134,0.12418453907054851,0.03626069679775769,0.010400083356360893,-0.009972251970742576,0.01915219173001325,-0.04228044811487154,-0.006073945379070936,0.009880631805067338,-0.003963092830671313,0.03727565943944239,0.002834301928807856,-0.012423830097344749,0.014007820570061318,-0.003941527490666405,-0.001376811176815154,0.020008892567752512,0.014865199364562695,-0.009991930851696596,0.012100223284550035,-0.005358089278608152,-0.013636152492411893,-0.045574811791807474,0.01887332882214907,-0.038726980311793904,-0.02330508087595265,1.0
