sleeve,kind,tf,sym,sharpe,mc_p5,mc_p50,max_dd,months_in_profit,ann_turnover,placebo_sharpe,n_obs,robust
BTCUSDT_1d_breakout,crypto,1d,BTCUSDT,0.4501745301608374,,,-0.1306130313732785,0.379746835443038,3.186149322474377,0.6083665373626974,2404,False
ETHUSDT_1d_breakout,crypto,1d,ETHUSDT,0.7920342465993034,0.23362817613420406,0.8096511938316653,-0.1665603673749747,0.4177215189873418,2.2953509100864586,-0.3340578319386516,2404,True
BNBUSDT_1d_breakout,crypto,1d,BNBUSDT,0.9100610401909824,0.33666885894323517,0.9075632091824237,-0.13379505683061654,0.38461538461538464,2.4603262942545894,-0.5613850011447695,2364,True
XRPUSDT_1d_breakout,crypto,1d,XRPUSDT,0.5754237929451101,-0.21048880526376756,0.5594615948527315,-0.16513354393058122,0.27848101265822783,1.740308739023832,-0.007473402160428641,2399,False
SOLUSDT_1d_breakout,crypto,1d,SOLUSDT,0.16840495192987273,,,-0.2815837986439397,0.323943661971831,1.785918196684278,0.1092331912946577,2147,False
TRXUSDT_1d_breakout,crypto,1d,TRXUSDT,0.44673603066719275,,,-0.15969195967475514,0.3670886075949367,3.68874881415542,-0.16952602337727163,2390,False
DOGEUSDT_1d_breakout,crypto,1d,DOGEUSDT,0.4805169439103973,,,-0.2197112355179236,0.3698630136986301,2.079351909045479,0.41573014413325365,2213,False
ZECUSDT_1d_breakout,crypto,1d,ZECUSDT,0.1874397960771429,,,-0.30159092047729086,0.28205128205128205,1.8168459233658527,0.07933655515514104,2369,False
ADAUSDT_1d_breakout,crypto,1d,ADAUSDT,0.803806142221731,0.15508200740593803,0.8220444287098303,-0.15651176764221364,0.3670886075949367,1.912879879769258,-0.2713525547569262,2374,True
XMRUSDT_1d_breakout,crypto,1d,XMRUSDT,-0.03414186947213746,,,-0.34986923089287914,0.2948717948717949,2.7005148279807325,-0.39827772063737493,2371,False
LINKUSDT_1d_breakout,crypto,1d,LINKUSDT,-0.0585905665038427,,,-0.34339357533185133,0.31645569620253167,2.151787514551102,-0.3059920367387919,2388,False
XLMUSDT_1d_breakout,crypto,1d,XLMUSDT,0.10409249273374288,,,-0.2914959196366532,0.189873417721519,2.0113481609239248,-0.14078774672729263,2385,False
BCHUSDT_1d_breakout,crypto,1d,BCHUSDT,-0.029687947452186145,,,-0.27839253208912207,0.27848101265822783,2.0485161503131852,-0.020431942235804332,2404,False
LTCUSDT_1d_breakout,crypto,1d,LTCUSDT,-0.19163367183463484,,,-0.33152831958609374,0.31645569620253167,2.324088065743941,-0.5982728041165258,2396,False
HBARUSDT_1d_breakout,crypto,1d,HBARUSDT,0.8725438812041246,0.23690060735998972,0.9020676215133294,-0.13074125223713728,0.38461538461538464,1.5709717016364906,-0.5997241589902591,1963,True
1000SHIBUSDT_1d_breakout,crypto,1d,1000SHIBUSDT,0.47324039412000307,,,-0.2178043437689826,0.31746031746031744,1.8493631919023013,-0.7894511415372595,1909,False
AVAXUSDT_1d_breakout,crypto,1d,AVAXUSDT,0.9690996167324596,0.23699521617770464,0.9862048295388732,-0.1890156916314495,0.38028169014084506,1.6706594648166204,0.10153950706916784,2138,True
SUIUSDT_1d_breakout,crypto,1d,SUIUSDT,0.32873847577867293,,,-0.18215054074554882,0.48717948717948717,1.643993516896251,0.266240891473158,1186,False
UNIUSDT_1d_breakout,crypto,1d,UNIUSDT,0.2988498342556687,,,-0.21733145749990623,0.39436619718309857,1.8354116469612225,-0.7780080948640653,2143,False
NEARUSDT_1d_breakout,crypto,1d,NEARUSDT,0.44961617114010255,,,-0.30443429444603076,0.34285714285714286,1.6515173144047721,0.2274864072253787,2116,False
DOTUSDT_1d_breakout,crypto,1d,DOTUSDT,0.7188853019479788,0.04548428957475796,0.7004316696436389,-0.1648442489626918,0.4722222222222222,1.8322038145880593,-0.4128260336244076,2170,True
AAVEUSDT_1d_breakout,crypto,1d,AAVEUSDT,-0.15636592788952555,,,-0.2696972206128764,0.32857142857142857,1.7215950065769228,-1.0506145714811788,2115,False
1000PEPEUSDT_1d_breakout,crypto,1d,1000PEPEUSDT,0.4040574280889622,,,-0.14141433445722484,0.28205128205128205,1.5087194537590876,0.24076275002462955,1184,False
ICPUSDT_1d_breakout,crypto,1d,ICPUSDT,0.36934007206611374,,,-0.18071494739124794,0.3492063492063492,1.729788225077729,-1.0003164201323103,1908,False
ETCUSDT_1d_breakout,crypto,1d,ETCUSDT,0.23962164269649852,,,-0.21672918106574646,0.3670886075949367,1.9204831292499667,-0.5473839184339498,2389,False
ALGOUSDT_1d_breakout,crypto,1d,ALGOUSDT,0.3298773462707788,,,-0.19586524205486322,0.35135135135135137,1.7915481200031493,-0.2345516222425356,2237,False
ATOMUSDT_1d_breakout,crypto,1d,ATOMUSDT,0.4087911617608794,,,-0.25863705064264975,0.38461538461538464,1.9271658652300212,0.12102437212404354,2367,False
FILUSDT_1d_breakout,crypto,1d,FILUSDT,0.04583232391778261,,,-0.24588623047573166,0.34285714285714286,1.552911221213328,0.6646493020623471,2115,False
ARBUSDT_1d_breakout,crypto,1d,ARBUSDT,0.08331106659787446,,,-0.17596299161026407,0.34146341463414637,2.0304882529559616,-0.6856566125243315,1227,False
APTUSDT_1d_breakout,crypto,1d,APTUSDT,-0.09434115834787435,,,-0.26207523552432754,0.32608695652173914,1.788758430280331,-0.49361863416161483,1382,False
INJUSDT_1d_breakout,crypto,1d,INJUSDT,1.0088828968459598,0.17410190603775014,1.0296217850438156,-0.2085250168283571,0.375,1.2897508825987332,-0.7195334812645545,1445,True
DASHUSDT_1d_breakout,crypto,1d,DASHUSDT,-0.14966902537549046,,,-0.2738456266461664,0.3076923076923077,2.002952833651539,-0.4041525420204576,2370,False
VETUSDT_1d_breakout,crypto,1d,VETUSDT,0.8929311872304058,0.2811014383083961,0.899778660201751,-0.1775191292480286,0.46153846153846156,1.8456491378073803,-0.4982881515064251,2360,True
FETUSDT_1d_breakout,crypto,1d,FETUSDT,0.40717582331550484,,,-0.19582793024969658,0.3953488372093023,1.5129415039365055,0.17928868064320175,1292,False
CRVUSDT_1d_breakout,crypto,1d,CRVUSDT,0.17165688188109254,,,-0.17626125080408273,0.38028169014084506,1.5242745321641455,0.43020603848950073,2160,False
1000LUNCUSDT_1d_breakout,crypto,1d,1000LUNCUSDT,-0.11653213190017561,,,-0.27240028718505327,0.3191489361702128,1.8336911862376721,-0.08547599234316766,1422,False
STXUSDT_1d_breakout,crypto,1d,STXUSDT,0.03828820700163301,,,-0.22128630735172417,0.40476190476190477,1.5526949136951727,-0.5089118006676673,1257,False
LDOUSDT_1d_breakout,crypto,1d,LDOUSDT,0.09555694073102773,,,-0.20050504331976216,0.2978723404255319,1.4922810853263635,0.0881174314333549,1409,False
IMXUSDT_1d_breakout,crypto,1d,IMXUSDT,-0.12059383268812447,,,-0.2973407807304509,0.4444444444444444,1.759994241557525,-0.24692656577594582,1632,False
XTZUSDT_1d_breakout,crypto,1d,XTZUSDT,0.35175158181974553,,,-0.18434185642590473,0.46153846153846156,2.001602484910142,-0.44498019018323365,2368,False
JASMYUSDT_1d_breakout,crypto,1d,JASMYUSDT,0.3044072066324845,,,-0.19012140489504503,0.38461538461538464,1.5922184751679322,0.2740329461100671,1564,False
CFXUSDT_1d_breakout,crypto,1d,CFXUSDT,-0.30293687571055933,,,-0.23154559805465935,0.35714285714285715,1.5862003471806891,-0.2669434941168755,1258,False
OPUSDT_1d_breakout,crypto,1d,OPUSDT,0.29764667684193463,,,-0.18807240844161888,0.32,1.5166613192676974,-0.23341955048423155,1522,False
1000FLOKIUSDT_1d_breakout,crypto,1d,1000FLOKIUSDT,0.4983570037935065,,,-0.17085456474622907,0.4358974358974359,1.6463309350103643,0.1883812127838492,1183,False
ENSUSDT_1d_breakout,crypto,1d,ENSUSDT,-0.09058357687661965,,,-0.2743814520223825,0.3333333333333333,2.0061562538849484,-0.4765802062428014,1705,False
COMPUSDT_1d_breakout,crypto,1d,COMPUSDT,0.19756357610757483,,,-0.1687312058538042,0.3108108108108108,1.4983751407958215,-0.21748340535441002,2223,False
GRTUSDT_1d_breakout,crypto,1d,GRTUSDT,0.4250656576625959,,,-0.19357869801617567,0.39705882352941174,1.6214679588246506,-0.09620205458177458,2051,False
IOTAUSDT_1d_breakout,crypto,1d,IOTAUSDT,0.3361162922104065,,,-0.22514534051736423,0.38461538461538464,1.932038736065057,-0.48882220486562605,2362,False
RUNEUSDT_1d_breakout,crypto,1d,RUNEUSDT,0.701825216972554,0.022859445300241928,0.7196548314275366,-0.155251675016419,0.4507042253521127,1.6227782922526945,-0.5247968406885561,2157,True
MKRUSDT_1d_breakout,crypto,1d,MKRUSDT,0.4668263094167389,,,-0.19478063475276997,0.3055555555555556,1.3550065475523985,-0.1665465463496936,2179,False
AAPL_1d_breakout,equity,1d,AAPL,0.1743689655232943,,,-0.30148156208290877,0.4034090909090909,3.6475927472756347,-0.1039241509559329,5328,False
ABBV_1d_breakout,equity,1d,ABBV,0.05240019458385288,,,-0.29810003241221916,0.32926829268292684,3.8146340329786117,0.08962716079254389,4963,False
ADBE_1d_breakout,equity,1d,ADBE,-0.10959044231893789,,,-0.3934562999597119,0.38636363636363635,3.7335624202313884,-0.574605634880358,5328,False
AGG_1d_breakout,equity,1d,AGG,-0.0505488916230344,,,-0.2448902088744631,0.3352272727272727,16.790968709570844,-0.9304510433415212,5328,False
AMD_1d_breakout,equity,1d,AMD,0.09898668733222464,,,-0.38672629037754613,0.375,1.9352199108421035,-0.4325009886477928,5328,False
AMZN_1d_breakout,equity,1d,AMZN,0.01919100943453738,,,-0.4320589070817167,0.32954545454545453,3.188195567222353,-0.5157324559882146,5328,False
BA_1d_breakout,equity,1d,BA,0.1508669755991885,,,-0.4447275548041323,0.3409090909090909,3.498150824964276,0.22699443272747385,5328,False
BAC_1d_breakout,equity,1d,BAC,-0.11467077842843486,,,-0.37854224590343655,0.3409090909090909,3.750380459792883,-0.04799168052550399,5328,False
BND_1d_breakout,equity,1d,BND,-0.028011294358863324,,,-0.2990872204180335,0.3352272727272727,16.612710168213948,-1.2911203783967098,5328,False
C_1d_breakout,equity,1d,C,-0.14944489691064441,,,-0.43394879258030716,0.30113636363636365,3.6651599140792652,0.0768199238618188,5328,False
CAT_1d_breakout,equity,1d,CAT,0.2311277819475762,,,-0.3304707100800385,0.38636363636363635,3.604311852017181,-0.13956642815111547,5328,False
COP_1d_breakout,equity,1d,COP,0.13563283189719644,,,-0.36361644190883824,0.3693181818181818,3.57819158193263,-0.1774850480144735,5328,False
COST_1d_breakout,equity,1d,COST,0.16608170740816366,,,-0.3083576144082435,0.3806818181818182,4.757950447315409,-0.29184906977135466,5328,False
CPER_1d_breakout,equity,1d,CPER,-0.17491219104306968,,,-0.6399009739716071,0.23863636363636365,4.686907915234062,-1.020534152238374,5328,False
CRM_1d_breakout,equity,1d,CRM,0.18168348070464527,,,-0.19588992690503537,0.3806818181818182,3.0368788650769085,-0.3165840856933719,5328,False
CSCO_1d_breakout,equity,1d,CSCO,-0.07125621907165514,,,-0.3873383431656878,0.38636363636363635,4.543743613997133,-0.08249444758646779,5328,False
CVX_1d_breakout,equity,1d,CVX,-0.13449141506507226,,,-0.44689549128606454,0.3181818181818182,4.783141211950356,-0.4835108315438749,5328,False
DBA_1d_breakout,equity,1d,DBA,-0.1098214701351355,,,-0.506820136099067,0.3352272727272727,9.152206703673226,-0.7799293283424449,5328,False
DBC_1d_breakout,equity,1d,DBC,0.3238911397168105,,,-0.3771832796446405,0.3409090909090909,7.008404620677217,-0.5736802329309197,5328,False
DIS_1d_breakout,equity,1d,DIS,0.2498385641350263,,,-0.2560246049111431,0.3977272727272727,4.331527283871964,-0.26560469816788757,5328,False
GDX_1d_breakout,equity,1d,GDX,0.021331176225142863,,,-0.4628953291515089,0.30113636363636365,2.8611478565805,-0.15144626130302136,5328,False
GE_1d_breakout,equity,1d,GE,0.13419926426319845,,,-0.45253425225378097,0.3522727272727273,4.21665053505684,-0.25278276349889406,5328,False
GLD_1d_breakout,equity,1d,GLD,0.22400459863648892,,,-0.3163876393530832,0.3465909090909091,7.0085253507126755,-0.4880977510688094,5328,False
GOOGL_1d_breakout,equity,1d,GOOGL,-0.003761415698214681,,,-0.34416270940983074,0.35795454545454547,3.8943394447118904,-0.35014813646155485,5328,False
GS_1d_breakout,equity,1d,GS,-0.062051551029425965,,,-0.41697442966478937,0.3409090909090909,4.439317782199524,-0.2688501665917903,5328,False
HD_1d_breakout,equity,1d,HD,0.1415254320346525,,,-0.2885742549395536,0.36363636363636365,4.527855759812229,-0.16442912812601568,5328,False
HON_1d_breakout,equity,1d,HON,-0.2790405005358451,,,-0.5994965714774445,0.3352272727272727,5.781054148047119,-0.28343885702099336,5328,False
HYG_1d_breakout,equity,1d,HYG,-0.29597820587654367,,,-0.5374103104310259,0.26704545454545453,16.483513155257324,-0.24167648314611292,5328,False
IBM_1d_breakout,equity,1d,IBM,-0.2845628274448145,,,-0.5466181163080122,0.30113636363636365,5.485355378362581,-0.1930523439722493,5328,False
IEF_1d_breakout,equity,1d,IEF,-0.08979786608274143,,,-0.30232260866115357,0.32386363636363635,17.682677375144024,-0.4549839760881829,5328,False
INTC_1d_breakout,equity,1d,INTC,-0.12546274546094416,,,-0.5037755951484,0.3181818181818182,3.914845228675515,0.24781221433356937,5328,False
JNJ_1d_breakout,equity,1d,JNJ,-0.23508476617669521,,,-0.6627748999073811,0.36363636363636365,6.705061158353728,-0.15882955064884016,5328,False
JPM_1d_breakout,equity,1d,JPM,-0.31636461731088616,,,-0.6183025738401787,0.36363636363636365,4.897911004059195,0.2011452552797201,5328,False
KO_1d_breakout,equity,1d,KO,-0.31548470020937347,,,-0.6086601372416742,0.2840909090909091,6.760489187204004,-0.4320889349330901,5328,False
LOW_1d_breakout,equity,1d,LOW,0.013908453952315557,,,-0.3151429534749245,0.3693181818181818,4.312952116014223,-0.6626462665571107,5328,False
LQD_1d_breakout,equity,1d,LQD,0.11747102822741941,,,-0.3222410634248374,0.3522727272727273,15.409916142578847,-0.7687453453717958,5328,False
MA_1d_breakout,equity,1d,MA,-0.03222652810281447,,,-0.4748860334600917,0.42613636363636365,4.413707899128956,-0.5601950287256854,5328,False
MCD_1d_breakout,equity,1d,MCD,0.20377118228693528,,,-0.3582897086207756,0.35795454545454547,5.802025831389365,-0.5595240698668223,5328,False
META_1d_breakout,equity,1d,META,0.176564432330326,,,-0.2231631913367984,0.42441860465116277,2.976262720368879,0.15324382570312625,5192,False
MRK_1d_breakout,equity,1d,MRK,-0.4246022387750001,,,-0.659070402759397,0.2727272727272727,5.085498608769015,0.13641105311040777,5328,False
MS_1d_breakout,equity,1d,MS,0.03447832771558837,,,-0.43955531069413634,0.38636363636363635,3.6750350815952904,0.15564626331495302,5328,False
MSFT_1d_breakout,equity,1d,MSFT,0.09954421135089246,,,-0.3440534998697783,0.4147727272727273,4.065494472897015,-0.3294575054987146,5328,False
NFLX_1d_breakout,equity,1d,NFLX,0.3702204468671396,,,-0.17235768006894048,0.42613636363636365,2.3876510911229682,-0.2097314931785859,5328,False
NKE_1d_breakout,equity,1d,NKE,-0.030070599089469723,,,-0.5093970129237346,0.35795454545454547,4.104082363140718,-0.13204421740713887,5328,False
NVDA_1d_breakout,equity,1d,NVDA,0.4812109766050785,,,-0.3058152487558019,0.39204545454545453,2.4282774707654258,-0.21703989569167897,5328,False
ORCL_1d_breakout,equity,1d,ORCL,-0.41556526660645887,,,-0.6843536939049456,0.3125,4.678012894595728,-0.5789530459935582,5328,False
PEP_1d_breakout,equity,1d,PEP,-0.1412580547242299,,,-0.5702049305969241,0.32954545454545453,6.25938141490219,-0.4334475736735722,5328,False
PFE_1d_breakout,equity,1d,PFE,-0.10087438975876435,,,-0.4362259504380158,0.3068181818181818,4.694633853352375,-0.05059414186003452,5328,False
PG_1d_breakout,equity,1d,PG,-0.10194749973234633,,,-0.4486594099522444,0.375,6.250221944442209,-0.28804488446671844,5328,False
QCOM_1d_breakout,equity,1d,QCOM,-0.09290196051850205,,,-0.377081199311999,0.35795454545454547,3.6658757023312982,-0.31289159520617005,5328,False
QQQ_1d_breakout,equity,1d,QQQ,0.000911768991835207,,,-0.35456208074967765,0.4431818181818182,6.131625749246834,-0.22324536421833022,5328,False
SBUX_1d_breakout,equity,1d,SBUX,0.19366680216014578,,,-0.36002695199244394,0.3693181818181818,3.802623275656576,-0.5024108255504736,5328,False
SHY_1d_breakout,equity,1d,SHY,-0.12410122801220454,,,-0.10772954409411839,0.32954545454545453,16.885135135135133,-2.1846296899468096,5328,False
SLB_1d_breakout,equity,1d,SLB,0.056713496183504096,,,-0.42465374069745077,0.3181818181818182,3.268036451283575,0.1838257786812311,5328,False
SLV_1d_breakout,equity,1d,SLV,0.023914534836901733,,,-0.47489567573659,0.3068181818181818,4.2011108065398695,-0.028247843853705535,5328,False
SPY_1d_breakout,equity,1d,SPY,-0.08062020167917285,,,-0.46055964073602484,0.4431818181818182,8.01171857826066,0.05876726573125527,5328,False
T_1d_breakout,equity,1d,T,-0.09476419491730842,,,-0.49040659413713117,0.3465909090909091,4.971719106397221,0.15340728625466885,5328,False
TIP_1d_breakout,equity,1d,TIP,-0.21267200332808225,,,-0.47920012529829814,0.2784090909090909,17.16275785422543,-0.3598239976492289,5328,False
TLT_1d_breakout,equity,1d,TLT,-0.0199020246151606,,,-0.3028065765634973,0.30113636363636365,8.13569937583627,-0.3789297928834517,5328,False
TXN_1d_breakout,equity,1d,TXN,-0.11709602919170078,,,-0.5192747311753839,0.3409090909090909,4.23656430809517,-0.3415807800075724,5328,False
UNG_1d_breakout,equity,1d,UNG,-0.06682761874872749,,,-0.464058147237832,0.30113636363636365,2.4813742105866745,-0.3756210717916063,5328,False
UNH_1d_breakout,equity,1d,UNH,-0.4402291577630715,,,-0.6815450196510267,0.3125,4.802611399528751,-0.5272436075572334,5328,False
USO_1d_breakout,equity,1d,USO,0.3369431197445891,,,-0.30138035934053253,0.3409090909090909,3.308576864176717,0.03799506871317854,5328,False
V_1d_breakout,equity,1d,V,-0.07849631097499925,,,-0.5147373408496771,0.3806818181818182,4.486379036736414,-0.3897216924295264,5328,False
VZ_1d_breakout,equity,1d,VZ,-0.44549772080670935,,,-0.6853512442839523,0.2840909090909091,5.711213665994495,-0.15395872605499533,5328,False
WFC_1d_breakout,equity,1d,WFC,-0.35595294773853037,,,-0.6399122801041204,0.2840909090909091,4.792271371072169,-0.1278861575231839,5328,False
WMT_1d_breakout,equity,1d,WMT,-0.22559421408737446,,,-0.5180363848377969,0.3465909090909091,6.22277716200857,-0.05996522479397879,5328,False
XLB_1d_breakout,equity,1d,XLB,-0.29886898555024244,,,-0.5433040608993525,0.2897727272727273,5.7693133683720585,-0.07948131727584269,5328,False
XLE_1d_breakout,equity,1d,XLE,0.09205888544821554,,,-0.3575288928412693,0.3181818181818182,4.930271058604736,-0.033662092656584625,5328,False
XLF_1d_breakout,equity,1d,XLF,-0.14104983081022185,,,-0.4731728633352784,0.375,5.993759758803507,-0.6020944525011656,5328,False
XLI_1d_breakout,equity,1d,XLI,-0.28282347350533965,,,-0.554997839981787,0.3465909090909091,6.995502283930111,0.06774272206221721,5328,False
XLK_1d_breakout,equity,1d,XLK,-0.0906230482475686,,,-0.4165725409313785,0.39204545454545453,6.317155071582794,-0.33937889995315434,5328,False
XLP_1d_breakout,equity,1d,XLP,-0.3637556846787341,,,-0.6875220757049487,0.3522727272727273,8.780095377083338,-0.49728623367110547,5328,False
XLRE_1d_breakout,equity,1d,XLRE,-0.5520716895534579,,,-0.611427793418892,0.26717557251908397,6.450025179200593,0.11840366174850991,3954,False
XLU_1d_breakout,equity,1d,XLU,-0.34903731977673524,,,-0.6364974285765087,0.3125,6.74488595078574,-0.24545540439875668,5328,False
XLV_1d_breakout,equity,1d,XLV,0.07503409885343493,,,-0.30982915307759995,0.3693181818181818,6.954027153139733,-0.0700154814068464,5328,False
XLY_1d_breakout,equity,1d,XLY,-0.10570552847997947,,,-0.43423783196380206,0.3181818181818182,6.817151852372277,-0.2472992314326243,5328,False
XOM_1d_breakout,equity,1d,XOM,-0.1653124482219147,,,-0.5048437455515643,0.3352272727272727,5.205847022218666,-0.3441009102177417,5328,False
AUDJPY=X_1d_breakout,fx,1d,AUDJPY=X,0.1945253818217533,,,-0.44033824778542363,0.3806818181818182,8.914080507702673,0.12549832975482406,5330,False
AUDNZD=X_1d_breakout,fx,1d,AUDNZD=X,-0.20296726049305266,,,-0.5603691502104856,0.3125,13.123992404619472,-0.4205946509804704,5330,False
AUDUSD=X_1d_breakout,fx,1d,AUDUSD=X,-0.09747272274520276,,,-0.45441460953850954,0.38636363636363635,11.473452832695152,-0.07188691417839387,5330,False
CADJPY=X_1d_breakout,fx,1d,CADJPY=X,0.01138293520673036,,,-0.32195992999666256,0.3068181818181818,10.874971449108429,0.00647432286194838,5330,False
CHFJPY=X_1d_breakout,fx,1d,CHFJPY=X,0.23516705658024759,,,-0.26091385358952424,0.3693181818181818,10.835225845339947,-0.20732957677143368,5330,False
EURAUD=X_1d_breakout,fx,1d,EURAUD=X,0.018542645077590632,,,-0.4142524097182324,0.29545454545454547,11.886165711097153,0.03685033676906068,5330,False
EURCAD=X_1d_breakout,fx,1d,EURCAD=X,-0.2581015303084283,,,-0.5344238686552558,0.26136363636363635,11.309415627814946,-0.3019176774597985,5330,False
EURCHF=X_1d_breakout,fx,1d,EURCHF=X,-0.003353246104076641,,,-0.4913541389434335,0.3522727272727273,13.477986361865412,0.14779915921320413,5330,False
EURGBP=X_1d_breakout,fx,1d,EURGBP=X,-0.4788264440262007,,,-0.6861067348078136,0.23295454545454544,14.172572975813239,-0.02467354918586477,5330,False
EURJPY=X_1d_breakout,fx,1d,EURJPY=X,-0.10715942168942758,,,-0.482575022094625,0.32954545454545453,11.954203204313371,0.14000111869529608,5330,False
EURUSD=X_1d_breakout,fx,1d,EURUSD=X,-0.10123734260978724,,,-0.5594238682076492,0.3068181818181818,10.87062819592689,-0.048526481307248404,5330,False
GBPAUD=X_1d_breakout,fx,1d,GBPAUD=X,-0.21213382111087695,,,-0.5426599946984011,0.32954545454545453,12.367193665947706,-0.16482349209357186,5330,False
GBPCHF=X_1d_breakout,fx,1d,GBPCHF=X,-0.37013594155104007,,,-0.7519444129673455,0.26136363636363635,11.687053958539686,-0.15121008864948882,5330,False
GBPJPY=X_1d_breakout,fx,1d,GBPJPY=X,-0.07007313764390699,,,-0.39320984007176807,0.30113636363636365,9.62512817339255,-0.07970758634274687,5330,False
GBPUSD=X_1d_breakout,fx,1d,GBPUSD=X,-0.15358899518379018,,,-0.5139736355935107,0.26704545454545453,9.976723296497498,-0.38686898268086434,5330,False
NZDJPY=X_1d_breakout,fx,1d,NZDJPY=X,-0.0792735129191432,,,-0.47377509374484983,0.3125,9.19432338791211,0.15905579025659644,5330,False
NZDUSD=X_1d_breakout,fx,1d,NZDUSD=X,-0.17493789520980466,,,-0.47906411224439627,0.3409090909090909,10.69234455223929,-0.3093955113098018,5330,False
USDCAD=X_1d_breakout,fx,1d,USDCAD=X,-0.03967146034652745,,,-0.4867787005264853,0.3409090909090909,15.049097530056935,-0.1591306764551062,5330,False
USDCHF=X_1d_breakout,fx,1d,USDCHF=X,-0.3336607777706443,,,-0.6767824739019079,0.3352272727272727,14.149455839929916,-0.2056628017168162,5330,False
USDJPY=X_1d_breakout,fx,1d,USDJPY=X,0.06652153813284362,,,-0.4051199301815226,0.3352272727272727,12.641326763084434,-0.33890399649753233,5330,False
USDMXN=X_1d_breakout,fx,1d,USDMXN=X,-0.052873680586310215,,,-0.5186643274081113,0.3181818181818182,9.334418465919075,0.08737297240477192,5330,False
USDNOK=X_1d_breakout,fx,1d,USDNOK=X,0.11326501870403828,,,-0.4255513365153585,0.4034090909090909,9.270065936304913,0.07256671615528759,5330,False
USDSEK=X_1d_breakout,fx,1d,USDSEK=X,-0.136807667675445,,,-0.5369261965070831,0.3352272727272727,10.051072254442602,0.002032376246021558,5330,False
USDSGD=X_1d_breakout,fx,1d,USDSGD=X,0.08776799702044294,,,-0.3551634491260608,0.3806818181818182,14.787222260601778,-0.41958293842387967,5330,False
USDZAR=X_1d_breakout,fx,1d,USDZAR=X,-0.2216842293488829,,,-0.5403372783246909,0.30113636363636365,7.011733523889302,-0.17829257049919692,5330,False
BTCUSDT_4h_breakout,crypto,4h,BTCUSDT,0.5026667249080905,-0.16761035713709993,0.45361557097507854,-0.16137172842032455,0.45569620253164556,23.355630277669952,-1.8303664163788755,2404,False
ETHUSDT_4h_breakout,crypto,4h,ETHUSDT,0.5440225176560048,-0.13391864778648457,0.5276209298506835,-0.2455891232927705,0.4810126582278481,17.76460495260793,-1.807855749440125,2404,False
BNBUSDT_4h_breakout,crypto,4h,BNBUSDT,0.577324253924545,-0.06370570625593433,0.6067690792026472,-0.1739315106094229,0.5128205128205128,20.074958562919157,-2.2863341161787574,2364,False
XRPUSDT_4h_breakout,crypto,4h,XRPUSDT,0.3509564785169927,,,-0.2237510928092703,0.4430379746835443,15.17007737319849,-1.1131766497999829,2399,False
SOLUSDT_4h_breakout,crypto,4h,SOLUSDT,0.9946545293396286,0.30848491624375907,0.985581682051488,-0.13148993535699538,0.5633802816901409,11.690388246041284,-1.1256152338740582,2147,True
TRXUSDT_4h_breakout,crypto,4h,TRXUSDT,0.4688962057395842,,,-0.25485622976699096,0.5569620253164557,27.25171307919392,-2.4214169113580177,2390,False
DOGEUSDT_4h_breakout,crypto,4h,DOGEUSDT,0.6718676617458209,-0.026149701005988835,0.6492194833000524,-0.17125657533886718,0.4931506849315068,13.664458859973207,-1.2254511693611376,2213,False
ZECUSDT_4h_breakout,crypto,4h,ZECUSDT,0.37872884591080064,,,-0.2096001980170391,0.5641025641025641,11.786619269093956,-1.6836649361838358,2369,False
ADAUSDT_4h_breakout,crypto,4h,ADAUSDT,0.7561369335945307,0.15116364310732586,0.7810983817857924,-0.17999176595753041,0.5063291139240507,14.069440989881082,-1.6509425725115,2374,True
XMRUSDT_4h_breakout,crypto,4h,XMRUSDT,-0.2558510557782617,,,-0.3764666839752542,0.4358974358974359,17.042202014881187,-1.539147124536139,2371,False
LINKUSDT_4h_breakout,crypto,4h,LINKUSDT,-0.15628885063371886,,,-0.3519425947608069,0.46835443037974683,13.778637810069895,-1.7033764594068876,2388,False
XLMUSDT_4h_breakout,crypto,4h,XLMUSDT,0.21916363511140305,,,-0.27400624340015634,0.43037974683544306,15.193071118872627,-1.8170723871691263,2385,False
BCHUSDT_4h_breakout,crypto,4h,BCHUSDT,0.08495098022110774,,,-0.3572533049830492,0.4430379746835443,14.957903925704045,-0.9609327580191306,2404,False
LTCUSDT_4h_breakout,crypto,4h,LTCUSDT,-0.263475974184277,,,-0.41178709234520194,0.46835443037974683,15.870245001507632,-0.6748575324430337,2396,False
HBARUSDT_4h_breakout,crypto,4h,HBARUSDT,0.037372784986967736,,,-0.24687089926784722,0.4153846153846154,13.777722012037183,-1.5390936757089144,1963,False
1000SHIBUSDT_4h_breakout,crypto,4h,1000SHIBUSDT,0.45583856848015514,,,-0.15658296554725737,0.5238095238095238,13.013507016812756,-1.080353481550131,1909,False
AVAXUSDT_4h_breakout,crypto,4h,AVAXUSDT,0.6781938845200152,0.022273038164097286,0.6656033821768546,-0.1581622352970069,0.4788732394366197,12.42275292699408,-1.3186873699897763,2138,True
SUIUSDT_4h_breakout,crypto,4h,SUIUSDT,0.3302319963100696,,,-0.2023327341861929,0.46153846153846156,11.819238134776146,-1.2637230489046494,1186,False
UNIUSDT_4h_breakout,crypto,4h,UNIUSDT,-0.1851693698265133,,,-0.38303544649815935,0.4647887323943662,12.497453943117762,-1.3735093387384443,2143,False
NEARUSDT_4h_breakout,crypto,4h,NEARUSDT,0.6784452935554981,0.01615618066943728,0.7004893175040741,-0.16508633767102532,0.5714285714285714,10.608682602791866,-1.5645251521266972,2116,True
DOTUSDT_4h_breakout,crypto,4h,DOTUSDT,-0.05432045323920588,,,-0.2582785148300478,0.3611111111111111,14.793522858989506,-1.3622685865464652,2170,False
AAVEUSDT_4h_breakout,crypto,4h,AAVEUSDT,-0.17603330353564975,,,-0.300142649212643,0.38571428571428573,12.565324957566036,-1.464556223780663,2115,False
1000PEPEUSDT_4h_breakout,crypto,4h,1000PEPEUSDT,0.8227371480824657,-0.08039774163765588,0.8133677453374812,-0.1418633678179294,0.5897435897435898,10.047696472380666,-0.7644167391538362,1184,False
ICPUSDT_4h_breakout,crypto,4h,ICPUSDT,0.6247925058089704,-0.04346237901660212,0.6135939723238373,-0.14490070374375985,0.5396825396825397,12.547090667502415,-1.2166272149591753,1908,False
ETCUSDT_4h_breakout,crypto,4h,ETCUSDT,0.5245543284868649,-0.06350521035841526,0.5274696216439043,-0.15430645379342134,0.5189873417721519,13.397555174521258,-1.8219367820302994,2389,False
ALGOUSDT_4h_breakout,crypto,4h,ALGOUSDT,-0.03351064572754008,,,-0.2961678702881959,0.43243243243243246,12.786587272032987,-1.612856486022424,2237,False
ATOMUSDT_4h_breakout,crypto,4h,ATOMUSDT,0.21092802597574467,,,-0.23283121864797152,0.48717948717948717,13.101401217127275,-1.1192733512516564,2367,False
FILUSDT_4h_breakout,crypto,4h,FILUSDT,0.5022847160861825,-0.16961607443999105,0.5139889166102358,-0.37785340532140177,0.4857142857142857,11.98418873114494,-1.2218552715440287,2115,False
ARBUSDT_4h_breakout,crypto,4h,ARBUSDT,0.5627636117337056,-0.31737901376605004,0.5649286565565086,-0.10678834926149217,0.5609756097560976,12.731932667280624,-0.8919913255584544,1227,False
APTUSDT_4h_breakout,crypto,4h,APTUSDT,-0.07749253076915653,,,-0.2796420676776694,0.391304347826087,12.879734231951996,-0.3173604988854219,1382,False
INJUSDT_4h_breakout,crypto,4h,INJUSDT,0.03933069015429833,,,-0.2928201231623283,0.3958333333333333,11.57245804563062,-0.9754627603772825,1445,False
DASHUSDT_4h_breakout,crypto,4h,DASHUSDT,0.08154518838106525,,,-0.2640973390898146,0.47435897435897434,13.042985975077741,-1.3067254617013602,2370,False
VETUSDT_4h_breakout,crypto,4h,VETUSDT,0.8217417911092569,0.254145011760718,0.8024465085936662,-0.15004081761844879,0.6025641025641025,12.243696010666389,-1.395546006871957,2360,True
FETUSDT_4h_breakout,crypto,4h,FETUSDT,0.4666182920183399,,,-0.15658503992276307,0.4418604651162791,11.393152816976237,-1.5310323206736216,1292,False
CRVUSDT_4h_breakout,crypto,4h,CRVUSDT,0.08844066155801565,,,-0.2223420054935793,0.4084507042253521,10.332557253689506,-1.0427143839377884,2160,False
1000LUNCUSDT_4h_breakout,crypto,4h,1000LUNCUSDT,0.6629578643877472,-0.21622730457668682,0.663967719835941,-0.2356616560275212,0.48936170212765956,12.387567273633264,-1.4692059236174875,1422,False
STXUSDT_4h_breakout,crypto,4h,STXUSDT,-0.5762794492339771,,,-0.28149404261254396,0.35714285714285715,12.565537750299894,-1.7060547798081667,1257,False
LDOUSDT_4h_breakout,crypto,4h,LDOUSDT,-0.43640998510830237,,,-0.31171847919726436,0.3617021276595745,12.21378978282132,-2.9685183503566943,1409,False
IMXUSDT_4h_breakout,crypto,4h,IMXUSDT,0.6614323824404624,-0.0778293848019725,0.6955332529265492,-0.12764181857155088,0.5555555555555556,10.808804706987335,-1.6327222155804317,1632,False
XTZUSDT_4h_breakout,crypto,4h,XTZUSDT,-0.014528010235082761,,,-0.19095768764362642,0.3717948717948718,13.444295170288823,-1.7062025130839151,2368,False
JASMYUSDT_4h_breakout,crypto,4h,JASMYUSDT,0.5599752957745923,-0.21934151851238437,0.5498953404165556,-0.141055340588094,0.4807692307692308,10.750177347949561,-1.738577678474188,1564,False
CFXUSDT_4h_breakout,crypto,4h,CFXUSDT,-0.003276098992952515,,,-0.19029410765271093,0.47619047619047616,12.189126170656492,-1.050056654458283,1258,False
OPUSDT_4h_breakout,crypto,4h,OPUSDT,0.5274722713362542,-0.20480537862750067,0.5257476328189522,-0.1614855367578576,0.52,10.901624106464705,-1.3094089289858248,1522,False
1000FLOKIUSDT_4h_breakout,crypto,4h,1000FLOKIUSDT,0.5308602593385828,-0.46473616644615134,0.5466314513809203,-0.10902738074100238,0.46153846153846156,11.563028634661748,-0.71938989252026,1183,False
ENSUSDT_4h_breakout,crypto,4h,ENSUSDT,-0.4204947030677619,,,-0.3166606020454945,0.3157894736842105,13.23619683653922,-1.4020719836806848,1705,False
COMPUSDT_4h_breakout,crypto,4h,COMPUSDT,-0.16004380512370286,,,-0.30834135894223647,0.40540540540540543,11.81962845055806,-1.3186692043156594,2223,False
GRTUSDT_4h_breakout,crypto,4h,GRTUSDT,0.28763161922352193,,,-0.2144859027673489,0.5147058823529411,12.039384236053072,-1.0150861193524412,2051,False
IOTAUSDT_4h_breakout,crypto,4h,IOTAUSDT,0.1835424677006966,,,-0.24303162320679916,0.48717948717948717,12.783583760898804,-2.028211639091911,2362,False
RUNEUSDT_4h_breakout,crypto,4h,RUNEUSDT,0.5169884255992464,-0.12749418754786915,0.528665326959578,-0.20327987332325947,0.49295774647887325,11.656509954397107,-1.5156960735462865,2157,False
AAPL_4h_breakout,equity,4h,AAPL,0.4322183925200872,,,-0.14117512898472317,0.4942528735632184,7.689924009759823,0.2762545225818574,2603,False
ABBV_4h_breakout,equity,4h,ABBV,0.008099158337834853,,,-0.26186990706103463,0.41379310344827586,8.434462051020873,0.01229731162777365,2603,False
ADBE_4h_breakout,equity,4h,ADBE,-0.14132932477609475,,,-0.4124280606748163,0.40229885057471265,7.140749015804224,-0.7195973233933357,2603,False
AMD_4h_breakout,equity,4h,AMD,0.17462736749737076,,,-0.2440747636234627,0.3563218390804598,4.310399602920671,-0.02545692560334851,2603,False
AMZN_4h_breakout,equity,4h,AMZN,0.14419371570552553,,,-0.13346181956407677,0.42528735632183906,7.326578621530739,-0.8570323874220704,2603,False
BA_4h_breakout,equity,4h,BA,0.10620356580059695,,,-0.2690465957800918,0.3793103448275862,6.17524152940481,-0.3030610329601625,2603,False
BAC_4h_breakout,equity,4h,BAC,0.26243470468970254,,,-0.1858162067907574,0.4367816091954023,7.779129621086801,-0.34022974925708677,2603,False
C_4h_breakout,equity,4h,C,0.1975620746705812,,,-0.2564301142600337,0.4367816091954023,7.03582284934426,-0.2956704895561554,2603,False
CAT_4h_breakout,equity,4h,CAT,0.39792161974345597,,,-0.22870211555907372,0.41379310344827586,7.422586712691509,-0.6177866569641766,2603,False
COP_4h_breakout,equity,4h,COP,-0.25108756550215355,,,-0.5330423160607451,0.3333333333333333,6.843920762871341,-0.2429307253380136,2603,False
COST_4h_breakout,equity,4h,COST,0.2951549542815724,,,-0.26476145015484454,0.41379310344827586,10.198721804772847,-0.10036078131617372,2603,False
CRM_4h_breakout,equity,4h,CRM,-0.0944585565580867,,,-0.3617122758503678,0.3793103448275862,6.6666962374645955,-0.7007142523384786,2603,False
CSCO_4h_breakout,equity,4h,CSCO,-0.04042010894516817,,,-0.3791414899911387,0.3793103448275862,9.786780443492049,-0.7486436250423145,2603,False
CVX_4h_breakout,equity,4h,CVX,-0.33383860528298315,,,-0.3624378595940624,0.3333333333333333,8.68118055366264,-0.19396916185338098,2603,False
DIS_4h_breakout,equity,4h,DIS,0.11663671973699148,,,-0.35308040400017526,0.3333333333333333,8.097052696597189,-0.4535514471397435,2603,False
GE_4h_breakout,equity,4h,GE,0.2054113575338226,,,-0.3263399149306321,0.39080459770114945,5.655335328657005,-0.2225929482654424,2603,False
GOOGL_4h_breakout,equity,4h,GOOGL,0.18353181285368322,,,-0.27007080882073,0.3793103448275862,7.289740300749656,-0.16152512943314842,2603,False
GS_4h_breakout,equity,4h,GS,0.27809275650090926,,,-0.3153266905427148,0.40229885057471265,7.035299888377748,-0.3509697279331866,2603,False
HD_4h_breakout,equity,4h,HD,0.11550729374329664,,,-0.21409259147016257,0.40229885057471265,9.224113302311713,-0.6398679286544684,2603,False
HON_4h_breakout,equity,4h,HON,-0.4043056300537355,,,-0.36989601876175915,0.3563218390804598,10.229358092097902,-0.1603895420521751,2603,False
IBM_4h_breakout,equity,4h,IBM,0.05014841599052998,,,-0.3903675099175201,0.3218390804597701,9.175931966334671,0.09505483132014539,2603,False
INTC_4h_breakout,equity,4h,INTC,0.16355617697564837,,,-0.32060068220449656,0.2988505747126437,6.14714110405041,-0.4225274139324995,2603,False
JNJ_4h_breakout,equity,4h,JNJ,0.013347591931366847,,,-0.34834544890079355,0.3793103448275862,12.442127044705812,-0.436171826329987,2603,False
JPM_4h_breakout,equity,4h,JPM,-0.03928530345493506,,,-0.35065762270945,0.367816091954023,8.887840428795222,-0.24101587146341344,2603,False
KO_4h_breakout,equity,4h,KO,0.22734465873280407,,,-0.23182978271383503,0.3793103448275862,11.838564479727422,-0.8230763076366332,2603,False
LOW_4h_breakout,equity,4h,LOW,0.016678946778916338,,,-0.2462265380301134,0.39080459770114945,8.637673559412296,-0.38889673412505055,2603,False
MA_4h_breakout,equity,4h,MA,-0.6111759495129689,,,-0.507474961669444,0.28735632183908044,9.2603869501289,-0.007191877307377083,2603,False
MCD_4h_breakout,equity,4h,MCD,0.11804936032621077,,,-0.19371551033255807,0.3448275862068966,11.119438187586582,-1.0970899129108764,2603,False
META_4h_breakout,equity,4h,META,-0.08996942535461194,,,-0.3198743042467532,0.367816091954023,6.901977068976157,-0.13239160130331565,2603,False
MRK_4h_breakout,equity,4h,MRK,-0.5003803456858191,,,-0.4216966580384779,0.3218390804597701,9.96488735758193,-0.7417561495622051,2603,False
MS_4h_breakout,equity,4h,MS,0.2602142933540939,,,-0.2692647849089709,0.41379310344827586,6.784559152876797,-0.7745168050726903,2603,False
MSFT_4h_breakout,equity,4h,MSFT,0.040980138911087954,,,-0.2959477985970749,0.41379310344827586,8.99360527556144,0.04759318853503629,2603,False
NFLX_4h_breakout,equity,4h,NFLX,-0.1582636779094612,,,-0.2716040668221923,0.367816091954023,6.32134941343494,0.006861360080929912,2603,False
NKE_4h_breakout,equity,4h,NKE,-0.0248382467205927,,,-0.29834955431939236,0.367816091954023,6.957664700358788,-0.6198148234968005,2603,False
NVDA_4h_breakout,equity,4h,NVDA,0.45938068402511567,,,-0.225064447974325,0.4367816091954023,4.525896344002741,0.07412603203952704,2603,False
ORCL_4h_breakout,equity,4h,ORCL,-0.06637321735907298,,,-0.31242077319224637,0.45977011494252873,8.127457565536583,-0.10383605978357803,2603,False
PEP_4h_breakout,equity,4h,PEP,0.06204891594424333,,,-0.17236675747433772,0.367816091954023,11.732176883106193,-0.04817140521951801,2603,False
PFE_4h_breakout,equity,4h,PFE,-0.13424110619748297,,,-0.3544606201260896,0.367816091954023,9.389036045631977,-0.8662515242005949,2603,False
PG_4h_breakout,equity,4h,PG,-0.4597335955865809,,,-0.47503572505464664,0.3333333333333333,11.939932269114735,-1.01005295518133,2603,False
QCOM_4h_breakout,equity,4h,QCOM,0.15563237566212906,,,-0.32357466160694726,0.39080459770114945,6.31009154489318,-0.47845714950370877,2603,False
QQQ_4h_breakout,equity,4h,QQQ,0.047984219557382655,,,-0.2109035182728547,0.4177215189873418,10.922367675046225,-0.26649784264199816,2368,False
SBUX_4h_breakout,equity,4h,SBUX,-0.29345473473488753,,,-0.39797883471736084,0.3218390804597701,8.624616619025003,0.09253430027262993,2603,False
SLB_4h_breakout,equity,4h,SLB,0.0880873108638455,,,-0.2834997424380834,0.42528735632183906,5.463792838062124,-0.10850199181081294,2603,False
SPY_4h_breakout,equity,4h,SPY,-0.06321969821969649,,,-0.313000142600654,0.4430379746835443,13.9126045119144,-1.2680507443141609,2368,False
T_4h_breakout,equity,4h,T,-0.1176720742883151,,,-0.3405806763855781,0.3333333333333333,9.253333923377795,-0.3265931318447663,2603,False
TXN_4h_breakout,equity,4h,TXN,-0.2593652061818382,,,-0.48150866687524896,0.26436781609195403,6.820588332076671,-0.07056994052719995,2603,False
UNH_4h_breakout,equity,4h,UNH,-0.4687894261073417,,,-0.5702492360007139,0.3333333333333333,8.891880815414734,-0.4362669543666353,2603,False
V_4h_breakout,equity,4h,V,-0.5022044449231977,,,-0.4791091993325528,0.3563218390804598,9.274800795050727,0.0626022485286478,2603,False
VZ_4h_breakout,equity,4h,VZ,-0.5453676910688976,,,-0.5118141447525928,0.3333333333333333,11.656969035999776,-0.32228124527122476,2603,False
WFC_4h_breakout,equity,4h,WFC,0.2648269241698298,,,-0.24758428430930735,0.45977011494252873,6.6709580635617876,-0.36367393716271024,2603,False
WMT_4h_breakout,equity,4h,WMT,-0.3353437964078234,,,-0.4715869549155207,0.3793103448275862,12.642647355446961,-0.8771695943067436,2603,False
XOM_4h_breakout,equity,4h,XOM,-0.21574409218953872,,,-0.38837117485960015,0.367816091954023,8.223730883592903,-0.41078005940499857,2603,False
AUDJPY=X_4h_breakout,fx,4h,AUDJPY=X,0.05599537326760021,,,-0.361482675197072,0.425,59.84561424340183,-0.48362813391227377,2379,False
AUDNZD=X_4h_breakout,fx,4h,AUDNZD=X,-0.0058817691562224415,,,-0.2734657874166029,0.425,80.86062725472115,-1.9869592924345763,2380,False
AUDUSD=X_4h_breakout,fx,4h,AUDUSD=X,-0.5892779076305462,,,-0.5219597120918258,0.4,70.66448996865182,-1.4227387369398758,2380,False
CADJPY=X_4h_breakout,fx,4h,CADJPY=X,-0.07493741529221441,,,-0.3942693216905083,0.4625,72.97086278801508,-0.7891824345093013,2380,False
CHFJPY=X_4h_breakout,fx,4h,CHFJPY=X,-0.31430190896168075,,,-0.3668607094070291,0.35,83.60728498908615,-1.5953379685218627,2380,False
EURAUD=X_4h_breakout,fx,4h,EURAUD=X,-0.11372991500727292,,,-0.32892880987764683,0.4125,79.88665476668652,-1.134557666900712,2380,False
EURCAD=X_4h_breakout,fx,4h,EURCAD=X,-0.43871320945068437,,,-0.5013907035445924,0.3875,93.07519972304304,-1.0416591873492853,2380,False
EURCHF=X_4h_breakout,fx,4h,EURCHF=X,-0.5365695656152661,,,-0.3981631174450846,0.325,85.04006880169808,-2.0956856544519384,2380,False
EURGBP=X_4h_breakout,fx,4h,EURGBP=X,-0.6967918277593599,,,-0.5530913187827122,0.3125,94.09410325190211,-1.4274080200352828,2379,False
EURJPY=X_4h_breakout,fx,4h,EURJPY=X,-0.5022056794732148,,,-0.42152491400064485,0.3875,81.45444751030807,-0.868637530800417,2380,False
EURUSD=X_4h_breakout,fx,4h,EURUSD=X,-0.35008206481181736,,,-0.41491905505484017,0.4375,91.72691177661038,-1.4195334038602463,2379,False
GBPAUD=X_4h_breakout,fx,4h,GBPAUD=X,-0.18749008064896427,,,-0.2664828298309694,0.5,81.97260668692691,-1.416890026933775,2379,False
GBPCHF=X_4h_breakout,fx,4h,GBPCHF=X,-0.26334078121495874,,,-0.3857232966696724,0.3875,83.55085817611217,-1.2736772134083467,2379,False
GBPJPY=X_4h_breakout,fx,4h,GBPJPY=X,0.06953123084019369,,,-0.31276759412467825,0.475,70.53996123476185,-0.9139527685315096,2380,False
GBPUSD=X_4h_breakout,fx,4h,GBPUSD=X,-0.43312936171104766,,,-0.4118383535230349,0.35,87.12047006833635,-1.2305589097651322,2379,False
NZDJPY=X_4h_breakout,fx,4h,NZDJPY=X,-0.09386678018286151,,,-0.4022992297939877,0.4,63.46200029852454,-0.679914359702305,2380,False
NZDUSD=X_4h_breakout,fx,4h,NZDUSD=X,-0.5787462767291295,,,-0.5029388239470156,0.375,69.93933760349664,-1.3421552817589388,2380,False
USDCAD=X_4h_breakout,fx,4h,USDCAD=X,-0.08856520855303357,,,-0.3563144387901145,0.3875,91.7043052937959,-1.5545861628921673,2380,False
USDCHF=X_4h_breakout,fx,4h,USDCHF=X,-0.0019176856647439078,,,-0.23329777565130627,0.425,86.14037878739808,-1.192469272364891,2380,False
USDJPY=X_4h_breakout,fx,4h,USDJPY=X,-0.09627131851535066,,,-0.3987048400718103,0.475,79.98583934033518,-0.6217485130259212,2380,False
USDMXN=X_4h_breakout,fx,4h,USDMXN=X,-0.3575248285101718,,,-0.4572509183887913,0.3875,61.039908491046795,-0.7755178135795657,2381,False
USDNOK=X_4h_breakout,fx,4h,USDNOK=X,-0.4004937415368549,,,-0.47438380184172313,0.3625,56.50302677536115,-1.0401566428514035,2380,False
USDSEK=X_4h_breakout,fx,4h,USDSEK=X,-0.45627377606015396,,,-0.4751248734643566,0.3125,64.16612684837892,-1.712020518542311,2379,False
USDSGD=X_4h_breakout,fx,4h,USDSGD=X,-0.2592064688823443,,,-0.33435119986438155,0.4375,100.55573035869227,-2.1996522445783606,2380,False
USDZAR=X_4h_breakout,fx,4h,USDZAR=X,-0.6953973866482905,,,-0.6097084433518236,0.4375,50.6351844877373,-0.47616188683202565,2380,False
BTCUSDT_1h_breakout,crypto,1h,BTCUSDT,-0.10906471104688636,,,-0.4151764164421403,0.4177215189873418,102.38965551430398,-6.703294599656508,2404,False
ETHUSDT_1h_breakout,crypto,1h,ETHUSDT,0.23511333335531562,,,-0.2974811478700372,0.4936708860759494,73.21331899239301,-5.590143392152029,2404,False
BNBUSDT_1h_breakout,crypto,1h,BNBUSDT,0.010147490259503952,,,-0.3349838041711354,0.46153846153846156,88.52139696612981,-6.629163670188515,2364,False
XRPUSDT_1h_breakout,crypto,1h,XRPUSDT,0.1092381567263143,,,-0.2524152645172262,0.4936708860759494,66.75262464125169,-5.023207292652425,2399,False
SOLUSDT_1h_breakout,crypto,1h,SOLUSDT,0.25113338031292076,,,-0.2557072555713539,0.5211267605633803,53.26610800669651,-3.924533504688105,2147,False
TRXUSDT_1h_breakout,crypto,1h,TRXUSDT,-0.20272212233219677,,,-0.4212416255441016,0.4936708860759494,120.35742376223742,-8.661218962033479,2390,False
DOGEUSDT_1h_breakout,crypto,1h,DOGEUSDT,0.22215354301317317,,,-0.2588524131384431,0.5068493150684932,57.052637133304856,-4.393439664312214,2213,False
ZECUSDT_1h_breakout,crypto,1h,ZECUSDT,0.45981856314038677,,,-0.2240314284439998,0.5256410256410257,48.55831583711741,-5.943439793393552,2369,False
ADAUSDT_1h_breakout,crypto,1h,ADAUSDT,0.4218709341105602,,,-0.19951391242984795,0.5443037974683544,57.57693906822721,-4.871812431281994,2374,False
XMRUSDT_1h_breakout,crypto,1h,XMRUSDT,-1.24889912707734,,,-0.6790771875011966,0.358974358974359,67.79101713116398,-7.047252310119096,2371,False
LINKUSDT_1h_breakout,crypto,1h,LINKUSDT,-0.26184473678928294,,,-0.39538945237151535,0.46835443037974683,56.87045754709226,-5.124475695454481,2388,False
XLMUSDT_1h_breakout,crypto,1h,XLMUSDT,0.3642519131236625,,,-0.18802025073764705,0.5569620253164557,63.386662476133026,-5.613212159127263,2385,False
BCHUSDT_1h_breakout,crypto,1h,BCHUSDT,-0.06348615284713491,,,-0.3412963958287034,0.4810126582278481,65.05392479267364,-5.310123813184791,2404,False
LTCUSDT_1h_breakout,crypto,1h,LTCUSDT,-0.807823551527035,,,-0.5308320906005635,0.4177215189873418,66.76696791371639,-6.069259055952549,2396,False
HBARUSDT_1h_breakout,crypto,1h,HBARUSDT,-0.6345519120578247,,,-0.43377078317372886,0.4307692307692308,59.007756091214475,-6.004658578521981,1963,False
1000SHIBUSDT_1h_breakout,crypto,1h,1000SHIBUSDT,0.2813955147786476,,,-0.22179991051603898,0.5079365079365079,58.372620875779134,-4.634594928863487,1909,False
AVAXUSDT_1h_breakout,crypto,1h,AVAXUSDT,0.1450454552275809,,,-0.2416790117067108,0.5492957746478874,54.25965043900014,-4.615856325464278,2138,False
SUIUSDT_1h_breakout,crypto,1h,SUIUSDT,0.8700390244252799,0.005907842217237004,0.9224791615969476,-0.10648476669296791,0.5128205128205128,47.95275382742776,-4.475494558988348,1186,True
UNIUSDT_1h_breakout,crypto,1h,UNIUSDT,-0.5441218936553112,,,-0.3943745859969856,0.39436619718309857,54.483178506985965,-6.250185430244101,2143,False
NEARUSDT_1h_breakout,crypto,1h,NEARUSDT,0.04813457552175251,,,-0.19830140156174236,0.5142857142857142,47.52317463011047,-4.45677848918993,2116,False
DOTUSDT_1h_breakout,crypto,1h,DOTUSDT,-0.16481680342245214,,,-0.36286196666198345,0.4722222222222222,60.19356192216284,-5.5549109890149,2170,False
AAVEUSDT_1h_breakout,crypto,1h,AAVEUSDT,0.049258808851097714,,,-0.19172170153358514,0.42857142857142855,50.69660552292605,-4.884813750313558,2115,False
1000PEPEUSDT_1h_breakout,crypto,1h,1000PEPEUSDT,0.5103900107433723,-0.37169221820753884,0.5108720803712049,-0.1591267814201094,0.5641025641025641,44.088713659551566,-3.0230746552449244,1184,False
ICPUSDT_1h_breakout,crypto,1h,ICPUSDT,-0.10142482114940367,,,-0.19373184173323266,0.4444444444444444,50.303860116490185,-6.001573496825957,1908,False
ETCUSDT_1h_breakout,crypto,1h,ETCUSDT,0.04032567288739936,,,-0.34565390734610013,0.4810126582278481,61.207818511182204,-6.089410979317758,2389,False
ALGOUSDT_1h_breakout,crypto,1h,ALGOUSDT,-0.06339939014410868,,,-0.3287991691642679,0.47297297297297297,52.35979143994714,-6.705164637444205,2237,False
ATOMUSDT_1h_breakout,crypto,1h,ATOMUSDT,-0.3564786555121432,,,-0.4299215783607341,0.4358974358974359,58.74545223965261,-5.942512017621859,2367,False
FILUSDT_1h_breakout,crypto,1h,FILUSDT,0.5439028317283886,-0.18386778479004157,0.5317318116559213,-0.26441104903373414,0.5571428571428572,51.79722504634598,-4.614534129698163,2115,False
ARBUSDT_1h_breakout,crypto,1h,ARBUSDT,0.5905217548299408,-0.2609421555523522,0.6008310992104715,-0.13194868198082443,0.5609756097560976,54.958723778720014,-5.340877678882506,1227,False
APTUSDT_1h_breakout,crypto,1h,APTUSDT,-0.18286455917009137,,,-0.27162891073409645,0.5,54.17740143264512,-5.0710960344750875,1382,False
INJUSDT_1h_breakout,crypto,1h,INJUSDT,0.4533750737358792,,,-0.12858077083668173,0.5208333333333334,45.8311071355157,-5.263178650455583,1445,False
DASHUSDT_1h_breakout,crypto,1h,DASHUSDT,-0.1330888629540695,,,-0.30704042143805843,0.44871794871794873,56.51337805973967,-7.722746446992141,2370,False
VETUSDT_1h_breakout,crypto,1h,VETUSDT,-0.04703642046610998,,,-0.39045328916123834,0.44871794871794873,55.40111280828487,-6.1794206628663995,2360,False
FETUSDT_1h_breakout,crypto,1h,FETUSDT,0.28215146270906777,,,-0.13177852582075766,0.5348837209302325,44.6411989392791,-5.9238320184892075,1292,False
CRVUSDT_1h_breakout,crypto,1h,CRVUSDT,-0.5329590643483936,,,-0.4325453692395548,0.43661971830985913,42.474037824856424,-5.378817327800841,2160,False
1000LUNCUSDT_1h_breakout,crypto,1h,1000LUNCUSDT,-0.00943301200275838,,,-0.25583210713321536,0.40425531914893614,52.79793323287686,-5.911040599768973,1422,False
STXUSDT_1h_breakout,crypto,1h,STXUSDT,0.5964020055897568,-0.18644892780378353,0.6068244006490329,-0.21159039270934343,0.5476190476190477,51.56273111898211,-5.700970788089456,1257,False
LDOUSDT_1h_breakout,crypto,1h,LDOUSDT,-0.13835466052019552,,,-0.23764689717295295,0.44680851063829785,49.31118255152675,-5.110346014739901,1409,False
IMXUSDT_1h_breakout,crypto,1h,IMXUSDT,-0.31239330275266913,,,-0.277478830361799,0.46296296296296297,47.837150796997264,-6.052406629921816,1632,False
XTZUSDT_1h_breakout,crypto,1h,XTZUSDT,-0.3601019240615093,,,-0.38338469535616404,0.3974358974358974,55.31633680992824,-7.496463388446082,2368,False
JASMYUSDT_1h_breakout,crypto,1h,JASMYUSDT,0.0025675729528616383,,,-0.20935046940541402,0.38461538461538464,46.141781076406666,-6.509703497816771,1564,False
CFXUSDT_1h_breakout,crypto,1h,CFXUSDT,0.13049674914017104,,,-0.18687238060512112,0.4523809523809524,50.611174493226336,-5.601278578732806,1258,False
OPUSDT_1h_breakout,crypto,1h,OPUSDT,0.2034041070904946,,,-0.16037413338779727,0.48,50.25352761983268,-5.491999058181953,1522,False
1000FLOKIUSDT_1h_breakout,crypto,1h,1000FLOKIUSDT,0.07236493024417912,,,-0.1999679247109618,0.5128205128205128,47.80251500002547,-4.703005047536744,1183,False
ENSUSDT_1h_breakout,crypto,1h,ENSUSDT,-0.1823104754953679,,,-0.23834854341389933,0.38596491228070173,51.7514594041682,-6.155074263432286,1705,False
COMPUSDT_1h_breakout,crypto,1h,COMPUSDT,-0.2570135590242888,,,-0.26608705904226904,0.43243243243243246,51.970706341763396,-6.0932749684169885,2223,False
GRTUSDT_1h_breakout,crypto,1h,GRTUSDT,-0.10663600393880443,,,-0.23729282747765001,0.4264705882352941,48.93166786838066,-5.557782913262459,2051,False
IOTAUSDT_1h_breakout,crypto,1h,IOTAUSDT,-0.30623914600802044,,,-0.46033936070387427,0.4230769230769231,53.97278005327503,-7.436831281062312,2362,False
RUNEUSDT_1h_breakout,crypto,1h,RUNEUSDT,0.24019433232549842,,,-0.2315707042596653,0.4788732394366197,50.80223389853071,-5.588313226177259,2157,False
AAPL_1h_breakout,equity,1h,AAPL,0.14722354508438176,,,-0.22512649854724165,0.532608695652174,29.70516889707843,-1.3753092151698398,2767,False
ABBV_1h_breakout,equity,1h,ABBV,-0.5642785111252762,,,-0.5261063571519129,0.3804347826086957,32.20168061209026,-1.329574651405114,2767,False
ADBE_1h_breakout,equity,1h,ADBE,0.07510190450485595,,,-0.3025912445961577,0.5217391304347826,23.024182583208677,-0.928525455281171,2767,False
AMD_1h_breakout,equity,1h,AMD,0.05463140067660554,,,-0.1667297390093898,0.42391304347826086,15.242001270684444,-0.39210316854082217,2767,False
AMZN_1h_breakout,equity,1h,AMZN,-0.3203136305554833,,,-0.4816358606539999,0.43478260869565216,27.684717709752466,-1.4413980804959212,2767,False
BA_1h_breakout,equity,1h,BA,0.46044202272737056,,,-0.23443133758538126,0.4891304347826087,22.03268299452248,-1.5653595189163614,2767,False
BAC_1h_breakout,equity,1h,BAC,0.14887674846082855,,,-0.21655268278336137,0.4891304347826087,29.08743181091429,-1.6855176440838067,2767,False
C_1h_breakout,equity,1h,C,0.3867866792689113,,,-0.1320705880304417,0.44565217391304346,25.599924132460067,-1.2192544788139232,2767,False
CAT_1h_breakout,equity,1h,CAT,0.2649941106453011,,,-0.16578915594928012,0.45652173913043476,25.88692467178504,-1.3881837597187294,2767,False
COP_1h_breakout,equity,1h,COP,-0.2498105020336275,,,-0.3865950725511196,0.40217391304347827,23.87780662897613,-0.5337539146748881,2767,False
COST_1h_breakout,equity,1h,COST,-0.003226973195007062,,,-0.25767950191522004,0.43478260869565216,36.45280353881908,-1.4649856568802302,2767,False
CRM_1h_breakout,equity,1h,CRM,0.3184210050968331,,,-0.18036364282715278,0.43478260869565216,22.40423781001634,-0.8047405896403488,2767,False
CSCO_1h_breakout,equity,1h,CSCO,-0.15047940536737095,,,-0.3688448156488049,0.5,33.721187570761266,-1.7923230901467193,2767,False
CVX_1h_breakout,equity,1h,CVX,-0.19447933869888853,,,-0.3684448540214169,0.42391304347826086,29.627509684523215,-1.6686469906383508,2767,False
DIS_1h_breakout,equity,1h,DIS,0.036562757157196264,,,-0.22684366101865772,0.3695652173913043,30.568626881385757,-1.1266077179546914,2767,False
GE_1h_breakout,equity,1h,GE,0.07038245233557842,,,-0.333117415738604,0.44565217391304346,21.673879639864204,-0.8043681432992907,2767,False
GOOGL_1h_breakout,equity,1h,GOOGL,-0.30729386808038794,,,-0.4483538213790884,0.391304347826087,28.093255336473696,-0.8438670934038456,2767,False
GS_1h_breakout,equity,1h,GS,0.18584923893631705,,,-0.2612331890852083,0.5,26.247207134065007,-1.3382280449877777,2767,False
HD_1h_breakout,equity,1h,HD,0.03493292519773038,,,-0.3349954544770425,0.43478260869565216,32.031026545445336,-1.9088292645783436,2767,False
HON_1h_breakout,equity,1h,HON,-0.08637639333553691,,,-0.25028947008640534,0.45652173913043476,35.464064581583074,-2.310530692690184,2767,False
IBM_1h_breakout,equity,1h,IBM,0.19602527969567293,,,-0.29794867899750066,0.5108695652173914,33.33203165111079,-1.0067185156824712,2767,False
INTC_1h_breakout,equity,1h,INTC,-0.05064264886898317,,,-0.4168651993238903,0.4673913043478261,20.354617148785472,-0.6925611881830411,2767,False
JNJ_1h_breakout,equity,1h,JNJ,-0.2549766645870718,,,-0.3311205433372155,0.45652173913043476,41.08997750206591,-2.159387565290539,2767,False
JPM_1h_breakout,equity,1h,JPM,-0.005294455030829646,,,-0.3281264941833131,0.45652173913043476,32.181232497583544,-1.619524673895796,2767,False
KO_1h_breakout,equity,1h,KO,-0.4264539525350069,,,-0.4302017562676388,0.3695652173913043,43.77388541139655,-2.229943070678494,2767,False
LOW_1h_breakout,equity,1h,LOW,0.35263209298933235,,,-0.24827966900350318,0.4891304347826087,28.287639144684924,-1.311441840409962,2767,False
MA_1h_breakout,equity,1h,MA,-0.819202527285905,,,-0.616740909546617,0.32608695652173914,35.121507800462474,-1.61358692539152,2767,False
MCD_1h_breakout,equity,1h,MCD,-0.2649983570557316,,,-0.3930300895764758,0.41304347826086957,41.989977991753754,-1.3769672636573103,2767,False
META_1h_breakout,equity,1h,META,-0.5082343550171298,,,-0.5773905199525224,0.391304347826087,22.672891732035076,-0.5540121723196406,2767,False
MRK_1h_breakout,equity,1h,MRK,-0.4200630158218356,,,-0.4794191377279725,0.40217391304347827,33.7881953772636,-1.4950601496290934,2767,False
MS_1h_breakout,equity,1h,MS,0.20698627219592688,,,-0.24339483113655802,0.5,25.476053975180296,-1.4796076029195808,2767,False
MSFT_1h_breakout,equity,1h,MSFT,-0.05854588353478181,,,-0.3739153672236213,0.4673913043478261,29.985171549444058,-1.9514874869343906,2767,False
NFLX_1h_breakout,equity,1h,NFLX,-0.1773023364130505,,,-0.3550865382651297,0.42391304347826086,23.006011688626916,-1.0744256826498333,2767,False
NKE_1h_breakout,equity,1h,NKE,0.11762084399754114,,,-0.18839217688926968,0.4891304347826087,26.896199656372584,-1.327919978336659,2767,False
NVDA_1h_breakout,equity,1h,NVDA,0.29981146720577556,,,-0.15170534942742908,0.44565217391304346,16.757738774881368,-0.5360135576887897,2767,False
ORCL_1h_breakout,equity,1h,ORCL,0.320304194619306,,,-0.2166046525183124,0.5760869565217391,26.38880087309455,-1.2324125689640322,2767,False
PEP_1h_breakout,equity,1h,PEP,-0.4055019282103843,,,-0.469909242671674,0.42391304347826086,40.668043261185915,-2.3169224143595586,2767,False
PFE_1h_breakout,equity,1h,PFE,0.2032814294896589,,,-0.34867632539445403,0.4673913043478261,28.956003394634564,-1.3443025478007884,2767,False
PG_1h_breakout,equity,1h,PG,-1.0357897875460425,,,-0.6577388443064213,0.29347826086956524,44.215761947126,-1.8017267432816066,2767,False
QCOM_1h_breakout,equity,1h,QCOM,0.22533919143180853,,,-0.2937121050698962,0.45652173913043476,21.021416078973786,-0.9789625638739903,2767,False
QQQ_1h_breakout,equity,1h,QQQ,0.02928823030463088,,,-0.24188929950910953,0.46835443037974683,38.088245568382426,-2.106264256880779,2368,False
SBUX_1h_breakout,equity,1h,SBUX,-0.3831814796718558,,,-0.47961160427963745,0.3804347826086957,30.211603540837817,-1.0769978688765431,2767,False
SLB_1h_breakout,equity,1h,SLB,0.19068133641176893,,,-0.3639225721074393,0.44565217391304346,19.373161627120147,-1.0663329431644069,2767,False
SPY_1h_breakout,equity,1h,SPY,-0.3564376741450579,,,-0.4023897309526736,0.4177215189873418,57.10793643961779,-2.610806133656013,2368,False
T_1h_breakout,equity,1h,T,-0.02868696184963388,,,-0.35367019750816675,0.4673913043478261,32.65225777270452,-1.2482292184199701,2767,False
TXN_1h_breakout,equity,1h,TXN,-0.5513111441456879,,,-0.5457566203279958,0.3695652173913043,26.86543508540034,-1.5884146748709267,2767,False
UNH_1h_breakout,equity,1h,UNH,0.2117740951034216,,,-0.26141153082434365,0.5217391304347826,27.752312069434275,-1.2222547119322318,2767,False
V_1h_breakout,equity,1h,V,-0.4043032737873882,,,-0.4216709166400864,0.358695652173913,35.48507806900824,-1.7002572671297493,2767,False
VZ_1h_breakout,equity,1h,VZ,-0.0697207022566619,,,-0.3713573868310569,0.391304347826087,38.75115406389974,-1.8120808933736028,2767,False
WFC_1h_breakout,equity,1h,WFC,0.24294859353753556,,,-0.2137769726620179,0.4673913043478261,24.909229105386974,-1.185591013488735,2767,False
WMT_1h_breakout,equity,1h,WMT,-0.11873248478691602,,,-0.3110879444051162,0.5,42.019577139954905,-1.7931336132282671,2767,False
XOM_1h_breakout,equity,1h,XOM,0.19146214716694532,,,-0.3147866475571861,0.4673913043478261,27.17412939289088,-1.6328056633801231,2767,False
AUDJPY=X_1h_breakout,fx,1h,AUDJPY=X,-0.16815720416739754,,,-0.3655384353161687,0.4,248.90652389582436,-3.7035223610810473,2380,False
AUDNZD=X_1h_breakout,fx,1h,AUDNZD=X,0.13688510488445899,,,-0.17824005123610398,0.5125,290.2618537678107,-7.301100505458237,2381,False
AUDUSD=X_1h_breakout,fx,1h,AUDUSD=X,-0.9929164473909444,,,-0.6554854820837354,0.3125,267.56380063397273,-3.905639015088172,2381,False
CADJPY=X_1h_breakout,fx,1h,CADJPY=X,0.03231127396900984,,,-0.3559181796376687,0.5125,274.92891053818374,-3.9181096234174997,2381,False
CHFJPY=X_1h_breakout,fx,1h,CHFJPY=X,-0.25651914493618755,,,-0.47533919440252825,0.4375,299.3508675135122,-5.03992972206084,2381,False
EURAUD=X_1h_breakout,fx,1h,EURAUD=X,-0.3938196670815679,,,-0.4801181451481017,0.35,298.72995924307287,-4.663348406797088,2381,False
EURCAD=X_1h_breakout,fx,1h,EURCAD=X,-0.5244119268511518,,,-0.49310687210281434,0.4375,326.89554214049394,-5.313633850572314,2381,False
EURCHF=X_1h_breakout,fx,1h,EURCHF=X,-0.8673971467730763,,,-0.5339034295801537,0.375,302.6421265453972,-6.245954372367011,2381,False
EURGBP=X_1h_breakout,fx,1h,EURGBP=X,-0.9511889464610084,,,-0.6132229707958682,0.3125,348.55052813575145,-6.808585552353196,2380,False
EURJPY=X_1h_breakout,fx,1h,EURJPY=X,-0.5913021640279585,,,-0.5306526339120257,0.425,315.5636367050613,-5.177289245722926,2381,False
EURUSD=X_1h_breakout,fx,1h,EURUSD=X,-0.9222205197879337,,,-0.6289830377718502,0.325,354.8058553562106,-5.024761631112155,2380,False
GBPAUD=X_1h_breakout,fx,1h,GBPAUD=X,-0.6630987535987765,,,-0.49203070321738807,0.2875,311.7835622867293,-5.638279399779797,2380,False
GBPCHF=X_1h_breakout,fx,1h,GBPCHF=X,-0.30229324788960515,,,-0.35314341961624707,0.4375,304.2588690562173,-4.603838036373655,2380,False
GBPJPY=X_1h_breakout,fx,1h,GBPJPY=X,0.049270844705568737,,,-0.40366504581244567,0.4875,282.19522561837056,-4.641760347523249,2381,False
GBPUSD=X_1h_breakout,fx,1h,GBPUSD=X,-0.9328591855908701,,,-0.6438888855025142,0.2625,333.2939258826248,-5.06890814236573,2380,False
NZDJPY=X_1h_breakout,fx,1h,NZDJPY=X,0.058801421712509724,,,-0.348092458229604,0.4375,245.66274133754703,-3.8096075734606902,2381,False
NZDUSD=X_1h_breakout,fx,1h,NZDUSD=X,-0.7220846294721143,,,-0.5660519287240493,0.3375,261.3439739358935,-3.8398307881804654,2381,False
USDCAD=X_1h_breakout,fx,1h,USDCAD=X,-0.8404323758118513,,,-0.6046227198322808,0.35,351.92901557584014,-6.125366322437831,2381,False
USDCHF=X_1h_breakout,fx,1h,USDCHF=X,-0.07177684512920855,,,-0.3002915967421017,0.4875,312.8529934310711,-5.461018629666663,2381,False
USDJPY=X_1h_breakout,fx,1h,USDJPY=X,0.0671747302153299,,,-0.296672474700737,0.45,306.7641130284074,-4.749987853629013,2381,False
USDMXN=X_1h_breakout,fx,1h,USDMXN=X,-0.3766807746222572,,,-0.44518975642612846,0.4125,232.97501246818854,-3.2577426834030527,2382,False
USDNOK=X_1h_breakout,fx,1h,USDNOK=X,-0.5520757137993956,,,-0.4956870516115679,0.4,210.91054434679117,-3.1652837508731646,2381,False
USDSEK=X_1h_breakout,fx,1h,USDSEK=X,-0.6543453703770952,,,-0.48115071517766894,0.45,240.57240737191825,-3.8517489222565593,2380,False
USDSGD=X_1h_breakout,fx,1h,USDSGD=X,-0.9285120935653003,,,-0.5651120846494548,0.325,388.18520360408746,-7.327652342022908,2381,False
USDZAR=X_1h_breakout,fx,1h,USDZAR=X,-0.8300642430156029,,,-0.580609358195969,0.3375,183.4640351375052,-3.0836260309535892,2381,False
