kind,sym,tf,exit,sharpe,mc_p5,max_dd,months_in_profit,ann_turnover
crypto,BTCUSDT,1d,triple_barrier,0.36556003151000604,,-0.09532302410333449,0.31645569620253167,6.012297038398185
crypto,BTCUSDT,1d,time,0.5179225785356111,-0.1086327490935604,-0.13208977819609125,0.34177215189873417,4.437862637932244
crypto,BTCUSDT,1d,channel,0.4425074330044032,,-0.1517561023224856,0.3924050632911392,3.3344431244272075
crypto,BTCUSDT,1d,atr_trailing,0.4501739689577293,,-0.13061285092365138,0.379746835443038,3.186149322474377
crypto,BTCUSDT,1d,reversal,0.2725740737781276,,-0.24188387678598222,0.4430379746835443,2.6690750989712106
crypto,ETHUSDT,1d,triple_barrier,0.5790880838895301,-0.0924280462527233,-0.09970531746252387,0.379746835443038,4.5144529856891635
crypto,ETHUSDT,1d,time,0.6054212369451715,-0.024549849958065494,-0.10972742364684707,0.3924050632911392,3.452834906515735
crypto,ETHUSDT,1d,channel,0.6785342871267485,0.09907780976311116,-0.21118069997291,0.43037974683544306,2.2125457879649595
crypto,ETHUSDT,1d,atr_trailing,0.7920390320852685,0.2336318322654286,-0.1665592442976428,0.4177215189873418,2.2953509100864586
crypto,ETHUSDT,1d,reversal,0.36077473237571916,,-0.2938964418975857,0.46835443037974683,1.9330236359333035
crypto,SOLUSDT,1d,triple_barrier,0.37077624055155345,,-0.15107725004081118,0.28169014084507044,3.2645494435014775
crypto,SOLUSDT,1d,time,0.23596383990091246,,-0.21745057744009333,0.2535211267605634,2.47686738663456
crypto,SOLUSDT,1d,channel,0.13996060863285079,,-0.3104522907471766,0.38028169014084506,1.7296225478976595
crypto,SOLUSDT,1d,atr_trailing,0.1684302618418245,,-0.2815833949594835,0.323943661971831,1.785918196684278
crypto,SOLUSDT,1d,reversal,0.07022384066101506,,-0.34323717374414486,0.4788732394366197,1.4274267724678567
crypto,BNBUSDT,1d,triple_barrier,-0.05481242722510971,,-0.16315000637534394,0.20512820512820512,4.898140999303632
crypto,BNBUSDT,1d,time,0.28891837109704793,,-0.1990836427390119,0.23076923076923078,3.7158936044761277
crypto,BNBUSDT,1d,channel,0.819824747877099,0.2696801789109635,-0.18161453108741554,0.3974358974358974,2.403420465156774
crypto,BNBUSDT,1d,atr_trailing,0.9100912293744734,0.33670243042770936,-0.1337908820636129,0.38461538461538464,2.4603262942545894
crypto,BNBUSDT,1d,reversal,0.8348811295666055,0.2316439941437562,-0.26232377283026953,0.5384615384615384,1.8978139523430184
crypto,XRPUSDT,1d,triple_barrier,0.8678473619743601,0.35597471704061706,-0.07066197730047996,0.22784810126582278,2.5540676040570913
crypto,XRPUSDT,1d,time,0.860292870084127,0.08802927145976931,-0.14012856629873316,0.25316455696202533,1.9773933357066429
crypto,XRPUSDT,1d,channel,0.5124500876898365,-0.21694279490225182,-0.19681630398008265,0.3291139240506329,1.6838040894390616
crypto,XRPUSDT,1d,atr_trailing,0.5754609422753033,-0.2104542939602746,-0.1651220997947308,0.27848101265822783,1.740308739023832
crypto,XRPUSDT,1d,reversal,0.6620305675545964,0.07154198738131189,-0.24099236580810912,0.5189873417721519,1.2977145125792493
crypto,ADAUSDT,1d,triple_barrier,0.6910617593821154,0.03448168639993284,-0.0832133537823696,0.3037974683544304,3.659337778451254
crypto,ADAUSDT,1d,time,0.9548333511437526,0.3315587527126843,-0.1295765529780556,0.34177215189873417,2.636926379930091
crypto,ADAUSDT,1d,channel,0.7161928552731468,0.06916986570511875,-0.2100041176893801,0.3924050632911392,1.8231645516087316
crypto,ADAUSDT,1d,atr_trailing,0.8038186676800495,0.15508122932346236,-0.15651282165074698,0.3670886075949367,1.912879879769258
crypto,ADAUSDT,1d,reversal,0.8041569165561165,0.16704085525601664,-0.28157405461381524,0.45569620253164556,1.4382633264136198
crypto,AVAXUSDT,1d,triple_barrier,1.092515660179628,0.405362291438711,-0.06870640318714805,0.352112676056338,2.944834758998126
crypto,AVAXUSDT,1d,time,1.4187928706667166,0.7641873244184091,-0.07561525064800445,0.4225352112676056,2.5172620697025883
crypto,AVAXUSDT,1d,channel,0.9208988257921357,0.2665315644680017,-0.22782999508521862,0.38028169014084506,1.6304222611566248
crypto,AVAXUSDT,1d,atr_trailing,0.9691144277561363,0.23698524002620816,-0.1890166761587041,0.38028169014084506,1.6706594648166204
crypto,AVAXUSDT,1d,reversal,0.8361595964935764,0.14164183014024054,-0.26385540446663647,0.5211267605633803,1.2593012102781642
crypto,NEARUSDT,1d,triple_barrier,0.9444515905510199,0.3219705154188916,-0.0812379244180873,0.37142857142857144,2.860476887032337
crypto,NEARUSDT,1d,time,0.49484782480103845,,-0.13348601262979742,0.32857142857142857,2.203491117865368
crypto,NEARUSDT,1d,channel,0.4360159577850347,,-0.2728610078019622,0.38571428571428573,1.55117521168188
crypto,NEARUSDT,1d,atr_trailing,0.4496283158946835,,-0.3044340398295735,0.34285714285714286,1.6515173144047721
crypto,NEARUSDT,1d,reversal,0.2541774118948843,,-0.3703037485628663,0.4,1.4595478549379848
crypto,LINKUSDT,1d,triple_barrier,-0.27281764528571883,,-0.23028601039256447,0.22784810126582278,3.441501621477223
crypto,LINKUSDT,1d,time,0.10664124068426765,,-0.2549340420280757,0.26582278481012656,2.7028433249709383
crypto,LINKUSDT,1d,channel,-0.08911340111633106,,-0.3925873294576048,0.34177215189873417,2.0753372387591305
crypto,LINKUSDT,1d,atr_trailing,-0.05858549455035233,,-0.3433885778004625,0.31645569620253167,2.151787514551102
crypto,LINKUSDT,1d,reversal,0.07657955838630971,,-0.36461182297764605,0.46835443037974683,1.6785206856406358
crypto,DOGEUSDT,1d,triple_barrier,0.38398863563794744,,-0.08802585775205218,0.1917808219178082,3.180270242063959
crypto,DOGEUSDT,1d,time,0.2726885078365546,,-0.1387089068802424,0.2465753424657534,2.5483496410751143
crypto,DOGEUSDT,1d,channel,0.5128378127472001,-0.10394102472623196,-0.22813785912543016,0.410958904109589,1.9671185106330136
crypto,DOGEUSDT,1d,atr_trailing,0.4805732926600717,,-0.21970368377635108,0.3698630136986301,2.079351909045479
crypto,DOGEUSDT,1d,reversal,0.29309481519697805,,-0.352655843008842,0.4931506849315068,1.804071306624064
crypto,LTCUSDT,1d,triple_barrier,-0.5030622763162258,,-0.2754260469879064,0.20253164556962025,3.533568236739905
crypto,LTCUSDT,1d,time,-0.3007241992117099,,-0.30422681027765186,0.20253164556962025,2.968753447670594
crypto,LTCUSDT,1d,channel,0.007097921549340904,,-0.2890234958003448,0.35443037974683544,2.281523969895379
crypto,LTCUSDT,1d,atr_trailing,-0.1916549255301171,,-0.3315234679576262,0.31645569620253167,2.324088065743941
crypto,LTCUSDT,1d,reversal,-0.11181694390841723,,-0.349847891518979,0.5063291139240507,1.8505968694268125
crypto,ETCUSDT,1d,triple_barrier,0.6862778307147653,0.16573336407144926,-0.061874972793617866,0.2911392405063291,2.8323205958659385
crypto,ETCUSDT,1d,time,0.25300403546677996,,-0.13784217184671987,0.3037974683544304,2.543942987720542
crypto,ETCUSDT,1d,channel,0.2140880007675565,,-0.28095475845808693,0.4177215189873418,1.82809852215607
crypto,ETCUSDT,1d,atr_trailing,0.2396360734782767,,-0.21672430939954268,0.3670886075949367,1.9204831292499667
crypto,ETCUSDT,1d,reversal,-0.0015864103195213878,,-0.44281806737339047,0.4936708860759494,1.6884634614921552
equity,SPY,1d,triple_barrier,0.025773681709028037,,-0.20205199979842592,0.4034090909090909,18.17520107923583
equity,SPY,1d,time,-0.16093319310273937,,-0.46491208163064135,0.3977272727272727,12.306333365270884
equity,SPY,1d,channel,-0.08154051038354986,,-0.40227433014291725,0.44886363636363635,7.604519702565974
equity,SPY,1d,atr_trailing,-0.08061698671407132,,-0.46055707575885974,0.4431818181818182,8.01171857826066
equity,SPY,1d,reversal,0.007883991404960418,,-0.4690927234306914,0.5511363636363636,5.41237435823704
equity,QQQ,1d,triple_barrier,-0.1388671195048918,,-0.3578976745775697,0.3352272727272727,15.244662150635802
equity,QQQ,1d,time,-0.13006863698789806,,-0.4462559275716039,0.3806818181818182,9.699169942635388
equity,QQQ,1d,channel,0.07107661516253454,,-0.42315815983257343,0.4659090909090909,5.333331047592848
equity,QQQ,1d,atr_trailing,0.0009188697236019262,,-0.35455772697528465,0.4431818181818182,6.131625749246834
equity,QQQ,1d,reversal,0.07668627716841675,,-0.46644330413503376,0.5454545454545454,3.832751645913866
equity,AAPL,1d,triple_barrier,0.15839662118637018,,-0.14826315530620415,0.3465909090909091,8.491008122388862
equity,AAPL,1d,time,0.006337455554407444,,-0.3759741404683118,0.35795454545454547,5.309600719342585
equity,AAPL,1d,channel,-0.02818039069208923,,-0.40420679393365533,0.4147727272727273,3.6180734768930707
equity,AAPL,1d,atr_trailing,0.17437072658863326,,-0.3014828556165864,0.4034090909090909,3.6475927472756347
equity,AAPL,1d,reversal,0.04210261802857167,,-0.5166628157437413,0.5227272727272727,2.7195927721159374
equity,MSFT,1d,triple_barrier,0.1695341856144469,,-0.1692782752663584,0.30113636363636365,8.357502461838369
equity,MSFT,1d,time,0.08368217588619947,,-0.2851903956917332,0.39204545454545453,6.084142272392128
equity,MSFT,1d,channel,0.10561212091385448,,-0.31187170538430853,0.42613636363636365,3.6177935257966896
equity,MSFT,1d,atr_trailing,0.09954936064062161,,-0.3440533711762134,0.4147727272727273,4.065494472897015
equity,MSFT,1d,reversal,0.1552151665982681,,-0.5093623754746942,0.5511363636363636,2.6474284429917176
equity,NVDA,1d,triple_barrier,0.40942674719685884,,-0.19579194114039244,0.35795454545454547,5.283975539980679
equity,NVDA,1d,time,0.3667778042492158,,-0.24475255567640908,0.3693181818181818,3.666645731700239
equity,NVDA,1d,channel,0.477772399608552,,-0.2573207348947194,0.38636363636363635,2.263126851324409
equity,NVDA,1d,atr_trailing,0.4812065175568644,,-0.305825996788885,0.39204545454545453,2.4282774707654258
equity,NVDA,1d,reversal,0.5612482529628842,0.22373729020147728,-0.3537487888498718,0.5397727272727273,1.652143972265981
equity,JPM,1d,triple_barrier,-0.15220786087061025,,-0.29782170478931735,0.2840909090909091,9.027411918597469
equity,JPM,1d,time,-0.05190562276811689,,-0.35524677943133764,0.375,6.880725909660651
equity,JPM,1d,channel,-0.0819347618111774,,-0.5009105740630537,0.42045454545454547,4.16637021789117
equity,JPM,1d,atr_trailing,-0.31634796781597174,,-0.6182911777612972,0.36363636363636365,4.897911004059195
equity,JPM,1d,reversal,-0.0693776226162199,,-0.6263142444691645,0.4772727272727273,3.2626073373350275
crypto,BTCUSDT,4h,triple_barrier,0.1404863034889646,,-0.09505320839305864,0.4177215189873418,40.683286945775016
crypto,BTCUSDT,4h,time,0.4772353986691081,,-0.1848230846629546,0.4936708860759494,25.23895936033883
crypto,BTCUSDT,4h,channel,0.7471228836622748,0.12346447355315557,-0.12822224524645354,0.5189873417721519,21.495968719807834
crypto,BTCUSDT,4h,atr_trailing,0.5026783440746193,-0.1675831546434948,-0.16137236382934728,0.45569620253164556,23.355630277669952
crypto,BTCUSDT,4h,reversal,0.4381571433668646,,-0.2910328618429796,0.5063291139240507,18.518275072464302
crypto,ETHUSDT,4h,triple_barrier,0.6850939635817004,0.0046813995539284285,-0.09600206625172947,0.5949367088607594,30.790278536551245
crypto,ETHUSDT,4h,time,0.6270966832980505,-0.006817070276575105,-0.17405677083163207,0.5822784810126582,18.511015388628806
crypto,ETHUSDT,4h,channel,0.28543150706980014,,-0.2294960484477402,0.46835443037974683,16.964320447308307
crypto,ETHUSDT,4h,atr_trailing,0.5440358880174903,-0.13390569827746163,-0.24558230450772633,0.4810126582278481,17.76460495260793
crypto,ETHUSDT,4h,reversal,0.5710091892912529,-0.01069787894574737,-0.2324540674219111,0.5443037974683544,14.037529135519074
crypto,SOLUSDT,4h,triple_barrier,0.2762293423542104,,-0.1812727563816735,0.5774647887323944,24.279761562073464
crypto,SOLUSDT,4h,time,0.7217184802478989,0.07607947223139891,-0.15960681101335195,0.5070422535211268,12.835761758348209
crypto,SOLUSDT,4h,channel,0.6005858031103525,-0.07094745811623768,-0.17367577513041055,0.5352112676056338,11.498785338820786
crypto,SOLUSDT,4h,atr_trailing,0.994690910247318,0.30849615648733214,-0.13148861966703007,0.5633802816901409,11.690388246041284
crypto,SOLUSDT,4h,reversal,0.6282622621245099,-0.0573769971272877,-0.2296131098115748,0.4788732394366197,9.816060697534928
crypto,BNBUSDT,4h,triple_barrier,0.4732382592995422,,-0.14914501945939873,0.48717948717948717,34.613415367049285
crypto,BNBUSDT,4h,time,0.45058969524647274,,-0.21672539474133956,0.48717948717948717,21.443522713775742
crypto,BNBUSDT,4h,channel,0.22839871348799465,,-0.2171643459988858,0.44871794871794873,19.605624397365148
crypto,BNBUSDT,4h,atr_trailing,0.5774004944705777,-0.06362603233114533,-0.17390302865785323,0.5128205128205128,20.074958562919157
crypto,BNBUSDT,4h,reversal,0.04731056132458545,,-0.41880787405581843,0.4230769230769231,17.175597615730883
crypto,XRPUSDT,4h,triple_barrier,0.18894030497071929,,-0.10721598097503926,0.45569620253164556,24.164020099127033
crypto,XRPUSDT,4h,time,0.48947446718123283,,-0.2260663823776068,0.5316455696202531,15.934877245901129
crypto,XRPUSDT,4h,channel,0.17730267568211774,,-0.29148758038321254,0.43037974683544306,14.32859648314006
crypto,XRPUSDT,4h,atr_trailing,0.3509988082659431,,-0.22371391463341483,0.4430379746835443,15.17007737319849
crypto,XRPUSDT,4h,reversal,-0.26797569461343496,,-0.5199274842019067,0.43037974683544306,13.12663182417225
crypto,ADAUSDT,4h,triple_barrier,0.8018074168317785,0.17408830444520915,-0.12920997123028555,0.5822784810126582,24.788147890823264
crypto,ADAUSDT,4h,time,0.40713989350135776,,-0.2617188761961947,0.43037974683544306,15.3469378028468
crypto,ADAUSDT,4h,channel,0.230760836912125,,-0.27651584804246643,0.43037974683544306,14.16485819562583
crypto,ADAUSDT,4h,atr_trailing,0.7562754599336634,0.15121555117585725,-0.17999492091034563,0.5063291139240507,14.069440989881082
crypto,ADAUSDT,4h,reversal,0.536999671799754,-0.09279200708288557,-0.21942310367213747,0.5316455696202531,11.723945338424766
crypto,AVAXUSDT,4h,triple_barrier,-0.2543043072998618,,-0.2329626930014852,0.352112676056338,22.45531559248924
crypto,AVAXUSDT,4h,time,0.8559118535139576,0.2456240920722146,-0.2214120977353372,0.5774647887323944,12.717096805032249
crypto,AVAXUSDT,4h,channel,0.6866056859260372,0.06680189556339378,-0.19375442534088794,0.5070422535211268,11.931537546898971
crypto,AVAXUSDT,4h,atr_trailing,0.678258605004268,0.022309083890947483,-0.15816395153096396,0.4788732394366197,12.42275292699408
crypto,AVAXUSDT,4h,reversal,0.7843061880523784,0.17996827693674985,-0.25611567714892125,0.5211267605633803,9.685974206533361
crypto,NEARUSDT,4h,triple_barrier,0.7299548680503142,0.08606721670724331,-0.07051645368085946,0.5,20.105248098316263
crypto,NEARUSDT,4h,time,0.34826612119236455,,-0.18449445007910792,0.5285714285714286,11.198171121335163
crypto,NEARUSDT,4h,channel,0.6698947994257396,-0.03392129281016039,-0.1616825221865481,0.6,10.044500892989307
crypto,NEARUSDT,4h,atr_trailing,0.6784177510718389,0.016138389322397986,-0.16508650349234755,0.5714285714285714,10.608682602791866
crypto,NEARUSDT,4h,reversal,0.37897024410209434,,-0.34017665404596775,0.5,8.488740621541147
crypto,LINKUSDT,4h,triple_barrier,-0.08595598962424575,,-0.22681742895511037,0.4177215189873418,23.963045334669207
crypto,LINKUSDT,4h,time,-0.3287882293967663,,-0.4775328450483508,0.46835443037974683,14.445588746768832
crypto,LINKUSDT,4h,channel,-0.09929822733188043,,-0.373020443873996,0.5063291139240507,13.148298882982882
crypto,LINKUSDT,4h,atr_trailing,-0.1562324816886154,,-0.35192604752288903,0.46835443037974683,13.778637810069895
crypto,LINKUSDT,4h,reversal,-0.26488734391846636,,-0.49635646317547155,0.4936708860759494,11.143698915452966
crypto,DOGEUSDT,4h,triple_barrier,0.5919664397722342,-0.08388532679497883,-0.18808504419382877,0.4931506849315068,20.55010428434754
crypto,DOGEUSDT,4h,time,0.5906460111415575,-0.1204604359454629,-0.20443370754555046,0.547945205479452,13.906973290131688
crypto,DOGEUSDT,4h,channel,0.5451510010251227,-0.19718873921297186,-0.20693992750860957,0.5342465753424658,12.418032498063202
crypto,DOGEUSDT,4h,atr_trailing,0.6721065809752041,-0.026057347352183954,-0.1712522602089417,0.4931506849315068,13.664458859973207
crypto,DOGEUSDT,4h,reversal,0.6993910882309831,0.0068767560976276424,-0.23547243938512374,0.589041095890411,10.462835922391912
crypto,LTCUSDT,4h,triple_barrier,-0.12515613625017785,,-0.14827824822309332,0.4430379746835443,24.83348085749003
crypto,LTCUSDT,4h,time,-0.2507057452891531,,-0.46851916276113037,0.46835443037974683,16.771117833939947
crypto,LTCUSDT,4h,channel,-0.38316326985661014,,-0.4866203864118168,0.45569620253164556,15.363409530212124
crypto,LTCUSDT,4h,atr_trailing,-0.26341210240703067,,-0.41179072956178886,0.46835443037974683,15.870245001507632
crypto,LTCUSDT,4h,reversal,-0.4736593098776383,,-0.6206011757314278,0.5063291139240507,13.248915962754408
crypto,ETCUSDT,4h,triple_barrier,0.023304675364363394,,-0.20288488290325768,0.4810126582278481,23.36784681640029
crypto,ETCUSDT,4h,time,0.6555973261909882,0.08815689195097882,-0.16126234525915495,0.5189873417721519,14.418057676919938
crypto,ETCUSDT,4h,channel,0.469745704960718,,-0.22583226518023247,0.5316455696202531,13.121947758378171
crypto,ETCUSDT,4h,atr_trailing,0.5246070437204133,-0.06318404944807283,-0.15431010750084662,0.5189873417721519,13.397555174521258
crypto,ETCUSDT,4h,reversal,0.3607140853696713,,-0.3003431011373605,0.5822784810126582,10.988343657047883
equity,SPY,4h,triple_barrier,-0.06264700709564365,,-0.16381785216102718,0.4430379746835443,26.38052157645599
equity,SPY,4h,time,0.23154039609528465,,-0.22671442305643952,0.5316455696202531,11.060723287626745
equity,SPY,4h,channel,0.05825881413534848,,-0.23998440561411638,0.4177215189873418,12.550657773946012
equity,SPY,4h,atr_trailing,-0.0632106203676179,,-0.312999312681809,0.4430379746835443,13.9126045119144
equity,SPY,4h,reversal,0.15753098513220418,,-0.3786014000997072,0.569620253164557,8.669925806030692
equity,QQQ,4h,triple_barrier,0.3274242121850093,,-0.1056847692542453,0.45569620253164556,18.644645352307393
equity,QQQ,4h,time,0.2197510622182081,,-0.18784735017449805,0.5569620253164557,8.481454234788485
equity,QQQ,4h,channel,0.19062865031077914,,-0.21593080778785356,0.4810126582278481,9.341334720427888
equity,QQQ,4h,atr_trailing,0.04799345842007756,,-0.2108975773122893,0.4177215189873418,10.922367675046225
equity,QQQ,4h,reversal,0.09147995265993346,,-0.3747559530924569,0.569620253164557,6.714806462489838
equity,AAPL,4h,triple_barrier,0.7442978435769364,0.23219117041953194,-0.10155405029991815,0.45977011494252873,14.57899477574294
equity,AAPL,4h,time,0.3919334598755525,,-0.22375246954927175,0.5172413793103449,7.013651453603322
equity,AAPL,4h,channel,0.5213909658080529,-0.03322540915760773,-0.22755007132254534,0.4827586206896552,6.694880346773509
equity,AAPL,4h,atr_trailing,0.4322278214252291,,-0.14117383938059802,0.4942528735632184,7.689924009759823
equity,AAPL,4h,reversal,0.5428020658106517,0.00689473184389954,-0.18490641912395056,0.5632183908045977,4.904574264311642
equity,MSFT,4h,triple_barrier,0.07346027144490692,,-0.2612539721602357,0.41379310344827586,16.206449344362838
equity,MSFT,4h,time,0.09745826688537189,,-0.25336402453015716,0.4482758620689655,8.215002601884656
equity,MSFT,4h,channel,0.2005362466839936,,-0.2475633597532877,0.45977011494252873,7.901804470773421
equity,MSFT,4h,atr_trailing,0.04099887654215213,,-0.2959422479984434,0.41379310344827586,8.99360527556144
equity,MSFT,4h,reversal,0.08009791863948547,,-0.33595457412344076,0.5172413793103449,6.282604274202072
equity,NVDA,4h,triple_barrier,0.46394201589663886,,-0.11174540577203174,0.39080459770114945,8.203208538829648
equity,NVDA,4h,time,0.35833496304035,,-0.21159688616434325,0.5057471264367817,4.2785579860564225
equity,NVDA,4h,channel,0.30865167367195107,,-0.28402516854024606,0.39080459770114945,4.269461050836639
equity,NVDA,4h,atr_trailing,0.45938723725285946,,-0.22506467386455598,0.4367816091954023,4.525896344002741
equity,NVDA,4h,reversal,0.24117267960225133,,-0.2774960892692597,0.4942528735632184,3.3470287209396496
equity,JPM,4h,triple_barrier,-0.2772619806575934,,-0.2927065392810597,0.3333333333333333,14.857360596610617
equity,JPM,4h,time,-0.05206240557424721,,-0.4025693105340957,0.5057471264367817,8.835345714703935
equity,JPM,4h,channel,-0.10731883478747503,,-0.3917255617191443,0.4482758620689655,8.036508428870908
equity,JPM,4h,atr_trailing,-0.03928687638728739,,-0.3506447303537614,0.367816091954023,8.887840428795222
equity,JPM,4h,reversal,0.11830944612354732,,-0.3640188483713054,0.5747126436781609,6.09559810782189
