date,underlying,T_days,iv_full,iv_trunc,var_full,var_trunc,wing_var,wing_frac
2013-01-02,SPY,30,0.1390785637651938,0.13567713664825648,0.01934284689898908,0.01840828540906966,0.0009345614899194214,0.04831561221571084
2013-01-02,QQQ,30,0.16093417988999634,0.1572692761250724,0.0258998102568657,0.02473362521290427,0.0011661850439614319,0.04502677943952471
2013-01-02,IWM,30,0.1784594396781871,0.17503953203984182,0.0318477716102525,0.030638837776726813,0.0012089338335256848,0.03795976209326063
2013-01-02,GLD,30,0.12389331276571745,0.12155576358055586,0.015349552948063887,0.01477580365965199,0.0005737492884118969,0.03737889242463356
2013-01-02,TLT,17,0.1468424193928909,0.13710525895846373,0.021562696133157658,0.0187978520340674,0.0027648440990902592,0.12822348754609905
2013-01-03,SPY,29,0.13729567301315315,0.1341997142034385,0.018850101828134673,0.018009563292284578,0.0008405385358500952,0.04459066287883663
2013-01-03,QQQ,29,0.16233849466130415,0.15793919615739135,0.026353786848898275,0.02494478968284294,0.0014089971660553348,0.05346469462373443
2013-01-03,IWM,29,0.1715462843116592,0.16785609289544332,0.029428127661136606,0.0281756679221237,0.0012524597390129073,0.04255995330164792
2013-01-03,GLD,29,0.12780841168832827,0.12412879862853797,0.016334990098293204,0.015407958648964128,0.0009270314493290757,0.05675127096807598
2013-01-03,TLT,16,0.1363577866328164,0.09948209500553196,0.018593445975400677,0.009896687226689687,0.00869675874871099,0.4677324881152688
2013-01-04,SPY,28,0.12848701540725452,0.12607519111061127,0.016508913128264063,0.015894953813577153,0.0006139593146869092,0.03718956601908462
2013-01-04,QQQ,28,0.15052044343074975,0.14793983951683906,0.022656403890589538,0.021886196116268092,0.0007702077743214457,0.03399514671617219
2013-01-04,IWM,28,0.16232947929414704,0.15866141440492673,0.026350859847908914,0.025173444420971896,0.001177415426937018,0.0446822393551022
2013-01-04,GLD,28,0.1301366385105556,0.12561287468725543,0.01693554468282702,0.01577859428719614,0.0011569503956308826,0.06831492091329387
2013-01-04,TLT,43,0.13761681867053133,0.11797235979181729,0.0189383887809979,0.013917477674849988,0.005020911106147911,0.26511817685281197
2013-01-07,SPY,25,0.12530716782575899,0.12326062282943936,0.015701886308512925,0.015193181140301309,0.0005087051682116164,0.032397710581805524
2013-01-07,QQQ,25,0.1483798995689024,0.14478454283205136,0.022016594596077566,0.020962563843086115,0.0010540307529914514,0.047874377138199
2013-01-07,IWM,25,0.1581394422384705,0.15608234382966346,0.02500808319149455,0.024361698055361286,0.0006463851361332637,0.02584704837966568
2013-01-07,GLD,25,0.13978404266150446,0.12369968134664777,0.019539578582793298,0.015301611165262198,0.0042379674175311004,0.2168914441820709
2013-01-07,TLT,40,0.1344795132608346,0.11693430248977588,0.018084739486870987,0.013673631098770405,0.004411108388100582,0.2439132944825068
2013-01-08,SPY,24,0.12309404432104648,0.12068929197521983,0.015152143747311754,0.014565905197479861,0.0005862385498318929,0.03869013913862199
2013-01-08,QQQ,24,0.1465212131318788,0.14322736187445542,0.021468465897637453,0.020514077189516203,0.0009543887081212496,0.04445537527794557
2013-01-08,IWM,24,0.15690014344446787,0.1544506598361524,0.024617655012894594,0.02385500632382286,0.0007626486890717349,0.030979745579839495
2013-01-08,GLD,24,0.1342087164286147,0.12311769856646601,0.018011979565416312,0.015157967700303188,0.0028540118651131235,0.15845076076995643
2013-01-08,TLT,39,0.12787527126143403,0.11450242295626982,0.016352085000185337,0.013110804862856505,0.0032412801373288315,0.1982181561123303
2013-01-09,SPY,23,0.12201390490496446,0.12001845487996983,0.01488739299015771,0.014404429511775355,0.00048296347838235575,0.032441104947095206
2013-01-09,QQQ,23,0.14250258253323128,0.14076939944001984,0.02030698602864039,0.01981602381870386,0.000490962209936531,0.024177010278339284
2013-01-09,IWM,23,0.14896022123411412,0.14652385557941297,0.02218914751011622,0.021469240253856672,0.0007199072562595471,0.03244411512120217
2013-01-09,GLD,23,0.13432085152030498,0.12253851348442948,0.018042091153139816,0.015015687286973705,0.0030264038661661115,0.16774130229573941
2013-01-09,TLT,38,0.125351762246673,0.1121489100996543,0.01571306429834643,0.012577378036540342,0.0031356862618060876,0.19955918223640648
2013-01-10,SPY,29,0.12370372671920518,0.1215011852426805,0.015302612004219797,0.01476253801537616,0.0005400739888436357,0.03529292833763979
2013-01-10,QQQ,29,0.15119074090797294,0.14794973669811814,0.0228586401363018,0.021889124589042484,0.0009695155472593149,0.04241352685366561
2013-01-10,IWM,29,0.1589448498911687,0.15388480039088578,0.02526346530692615,0.02368053179134276,0.0015829335155833901,0.06265702255618188
2013-01-10,GLD,29,0.12163188656142876,0.1200459939167413,0.014794315828492275,0.014411040655458288,0.0003832751730339871,0.02590692110924386
2013-01-10,TLT,37,0.1258437820473508,0.10987148792171386,0.015836657479981132,0.012071743858131315,0.0037649136218498164,0.23773410687255087
2013-01-11,SPY,28,0.12345405109306916,0.12000869051664104,0.01524090273129013,0.014402085799518929,0.000838816931771201,0.05503722099407401
2013-01-11,QQQ,28,0.15079263349872607,0.14726233896860208,0.02273841831748112,0.02168619647850346,0.0010522218389776607,0.046275067345766994
2013-01-11,IWM,28,0.1606975245720774,0.15579187163537264,0.025823694403593413,0.024271107267652428,0.0015525871359409853,0.0601225801264493
2013-01-11,GLD,28,0.12566984083578797,0.12361596128183787,0.01579290889569228,0.015280905883632838,0.0005120030120594407,0.03241980406783048
2013-01-11,TLT,36,0.12523052482898134,0.11159356964819656,0.015682684348942114,0.012453124786826896,0.003229559562115217,0.20593155420698558
2013-01-14,SPY,33,0.13653931031699287,0.13575590259774084,0.018642983261840076,0.018429665090127296,0.00021331817171277995,0.011442276631198633
2013-01-14,QQQ,33,0.1564442070915129,0.1503502603204381,0.024474789932492177,0.0226052007784235,0.0018695891540686758,0.07638836366830881
2013-01-14,IWM,33,0.1730294075900613,0.17108569554659928,0.029939175890967562,0.02927031522066366,0.000668860670303903,0.022340650682562493
2013-01-14,GLD,33,0.1351749497803902,0.1339104684186039,0.018272267048131015,0.017932013552089916,0.00034025349604109925,0.01862130709587578
2013-01-14,TLT,33,0.1227193231836894,0.10649316448680325,0.015060032282662806,0.011340794082413333,0.003719238200249473,0.24696083849243014
2013-01-15,SPY,32,0.133811620705264,0.13320360788129793,0.01790554983576944,0.017743201152594576,0.00016234868317486356,0.009066947659464995
2013-01-15,QQQ,32,0.15474127178257666,0.14816706465548837,0.023944861192889254,0.021953479048623676,0.0019913821442655785,0.08316532420981192
2013-01-15,IWM,32,0.16744687890164284,0.16623143571657858,0.028038457253901444,0.027632890220394994,0.0004055670335064501,0.014464670072031763
2013-01-15,GLD,32,0.1345071305328706,0.13406830775441556,0.01809216816418669,0.01797431114413268,0.00011785702005400953,0.0065142562784324875
2013-01-15,TLT,32,0.11818368913027309,0.10493013176108279,0.013967384376441029,0.011010332551398196,0.002957051825042833,0.21171120843717392
2013-01-16,SPY,31,0.13244077903241613,0.13180658053519495,0.01754055995071328,0.01737297467238083,0.0001675852783324487,0.009554157837796616
2013-01-16,QQQ,31,0.14664137655453593,0.1418392507852886,0.0215036933178092,0.020118373063331994,0.0013853202544772056,0.06442243357934674
2013-01-16,IWM,31,0.16170336155076867,0.1607114809685439,0.026147977136818608,0.025828180115102652,0.00031979702171595556,0.01223027770150731
2013-01-16,GLD,31,0.1407522631892499,0.14031942512281315,0.019811199592895873,0.019689541066796767,0.00012165852609910544,0.006140896492846963
2013-01-16,TLT,31,0.12214606222202828,0.10673016431982345,0.014919660516347607,0.011391327975736516,0.003528332540611091,0.23648879522057925
2013-01-17,SPY,30,0.13274635803249554,0.13209245864407473,0.01762159557089149,0.017448417630636592,0.0001731779402548983,0.009827597027647428
2013-01-17,QQQ,30,0.1415692358376946,0.1376258463465188,0.020041848535668788,0.018940873582595604,0.001100974953073184,0.05493380269358696
2013-01-17,IWM,30,0.15782563879721906,0.15757534638208856,0.02490893226175026,0.024829989787435187,7.894247431507184e-05,0.0031692436064910978
2013-01-17,GLD,30,0.1447110826274803,0.14371381762626692,0.020941297435217433,0.02065366137671591,0.0002876360585015239,0.013735350419014638
2013-01-17,TLT,30,0.12429236440578971,0.08833434215040131,0.015448591849581621,0.007802956003144167,0.007645635846437454,0.4949082687199425
2013-01-18,SPY,29,0.11881596768143284,0.11845489263395007,0.014117234176075293,0.014031561588920636,8.567258715465667e-05,0.006068652406421606
2013-01-18,QQQ,29,0.13443507609134683,0.12900197054334736,0.018072789683686214,0.01664150840406666,0.0014312812796195527,0.07919537075737285
2013-01-18,IWM,29,0.1415922637345916,0.14069788787046794,0.020048369149486146,0.019795895651210774,0.00025247349827537194,0.012593218749757659
2013-01-18,GLD,29,0.13264360154102367,0.1321018603478665,0.017594325029773854,0.017450901507367222,0.000143423522406632,0.00815169221688952
2013-01-18,TLT,29,0.12132765805988315,0.10819098737711987,0.014720400610295928,0.01170528974963611,0.0030151108606598174,0.20482532646230772
2013-01-22,SPY,31,0.11265588838025367,0.11006824411759394,0.012691349186744175,0.012115018363130255,0.00057633082361392,0.045411312472269254
2013-01-22,QQQ,31,0.1296419742828069,0.1268949848310712,0.016807041495943965,0.016102337175277787,0.0007047043206661781,0.04192911172595391
2013-01-22,IWM,31,0.13672667231801267,0.13270894312304599,0.018694182923157214,0.017611663584835856,0.0010825193383213576,0.057906747931753606
2013-01-22,GLD,31,0.11511146990692818,0.1136229956182816,0.013250650504133632,0.01291018513327204,0.0003404653708615913,0.025694238237992977
2013-01-22,TLT,25,0.12193503501488427,0.08734018384180194,0.014868152764081053,0.00762830771351976,0.007239845050561293,0.4869364180903183
2013-01-23,SPY,30,0.11163243580362164,0.10919900685363922,0.012461800723449707,0.011924423097821144,0.0005373776256285632,0.043121988350958394
2013-01-23,QQQ,30,0.13148404654970483,0.12850966491131885,0.01728805449708495,0.016514733975619453,0.0007733205214654967,0.044731494894112656
2013-01-23,IWM,30,0.14124987285206375,0.13802615470884516,0.019951526580724174,0.019051219383710058,0.0009003071970141163,0.045124727342113896
2013-01-23,GLD,30,0.1124100606661811,0.11066580515266945,0.012636021738974516,0.0122469204300886,0.0003891013088859162,0.03079302306720263
2013-01-23,TLT,24,0.11952817503832726,0.08368941352065867,0.014286984627993,0.007003917935431807,0.007283066692561194,0.5097693377713322
2013-01-24,SPY,29,0.11252886473570946,0.11009202486867767,0.012662745398707594,0.012120253939685542,0.0005424914590220521,0.04284153569710252
2013-01-24,QQQ,29,0.12884474937651777,0.12398588376788007,0.016600969441897675,0.015372499373702267,0.0012284700681954083,0.07399989937304412
2013-01-24,IWM,29,0.14300751487564023,0.14050912146767947,0.02045114931090646,0.0197428132156191,0.0007083360952873582,0.03463551532087282
2013-01-24,GLD,29,0.11722366812971484,0.1145114750605515,0.013741388369785524,0.013112877920543307,0.0006285104492422169,0.045738496891928444
2013-01-24,TLT,23,0.1186624709862499,0.07680977440450595,0.014080782020562599,0.005899741444071098,0.008181040576491501,0.5810075437958259
2013-01-25,SPY,28,0.11387069118120717,0.11143723940428714,0.012966534310085853,0.012418258326048405,0.0005482759840374479,0.04228392652391151
2013-01-25,QQQ,28,0.1276037444936045,0.12296518896218153,0.016282715608789106,0.015120437696505012,0.0011622779122840935,0.07138108533055246
2013-01-25,IWM,28,0.1455863733827239,0.14274266189046847,0.021195392114733896,0.020375467523576603,0.0008199245911572929,0.03868409636957485
2013-01-25,GLD,28,0.125237165254764,0.12144078443797217,0.01568434756104907,0.014747864124910023,0.0009364834361390469,0.059708153781591465
2013-01-25,TLT,22,0.1323360131962931,0.07297620938966609,0.017512820388689457,0.005325527136884389,0.012187293251805068,0.6959069402479656
2013-01-28,SPY,32,0.12629587312679263,0.1186465444111893,0.015950647568858903,0.014077002500716314,0.001873645068142589,0.11746514115204842
2013-01-28,QQQ,32,0.13520726616254003,0.12751871476341384,0.018281004823147942,0.0162610226149129,0.002019982208235044,0.11049623517834661
2013-01-28,IWM,32,0.15659820160572083,0.1509130987746759,0.024522996746145987,0.022774763381775084,0.0017482333643709033,0.07128954843765797
2013-01-28,GLD,32,0.13571512657767115,0.12659196648686585,0.0184185955819933,0.01602552597901177,0.0023930696029815304,0.12992682272263384
2013-01-28,TLT,19,0.1410691617007697,0.073241207620111,0.019900508382957906,0.005364274493652207,0.014536233889305698,0.7304453539364861
2013-01-29,SPY,31,0.12259211895401956,0.11607871306920023,0.015028827629636482,0.013474267627801715,0.0015545600018347667,0.103438540925788
2013-01-29,QQQ,31,0.12974069700950827,0.12360236100554477,0.016832648460513026,0.015277543646145014,0.0015551048143680121,0.0923862230008584
2013-01-29,IWM,31,0.1553470060856477,0.15008828134865165,0.024132692299774265,0.022526492198192017,0.0016062001015822482,0.06655702072649691
2013-01-29,GLD,31,0.12739652569459073,0.12003519392878528,0.016229874759052517,0.014408447781521092,0.0018214269775314249,0.11222680424662487
2013-01-29,TLT,18,0.14797625794205832,0.059789653085066105,0.02189697291453458,0.003574802616032555,0.018322170298502027,0.8367444381474436
2013-01-30,SPY,30,0.1318057001188155,0.12396770064091554,0.017372742583811124,0.015367990802195653,0.002004751781615471,0.11539639017523974
2013-01-30,QQQ,30,0.13299273264612152,0.1270693856248761,0.017687066936682757,0.016146628763083468,0.0015404381735992893,0.08709404329806882
2013-01-30,IWM,30,0.16087565025120915,0.15425310806368875,0.025880974843749367,0.023794021347308035,0.0020869534964413315,0.08063658764945483
2013-01-30,GLD,30,0.12618671417734417,0.12040157198220525,0.015923086834874756,0.014496538535786153,0.0014265482990886025,0.08958993402988769
2013-01-30,TLT,17,0.1413049459891342,0.05432887099864522,0.01996708776099214,0.002951626223987434,0.017015461537004704,0.8521754269166004
2013-01-31,SPY,29,0.1322330645044798,0.12385543363211222,0.017485583348245914,0.015340168440198556,0.002145414908047358,0.12269621580926995
2013-01-31,QQQ,29,0.13739977367953427,0.13030479304790074,0.018878697807187237,0.01697933909125624,0.0018993587159309953,0.1006085660848863
2013-01-31,IWM,29,0.16230939794125726,0.15663125284250276,0.02634434066005341,0.024533349367012028,0.0018109912930413807,0.06874308666177524
2013-01-31,GLD,29,0.13044712011738424,0.12327652586020449,0.01701645114691927,0.015197101828161667,0.0018193493187576033,0.10691708294810848
2013-01-31,TLT,16,0.14235433779168188,0.053340607847392425,0.020264757488108267,0.002845220445529302,0.017419537042578963,0.8595976069687026
2013-02-01,SPY,28,0.11816993844980032,0.11120836851767159,0.013964134353229598,0.012367301228362248,0.0015968331248673497,0.11435246070215854
2013-02-01,QQQ,28,0.12470280592402175,0.12103120417733455,0.015550789805324235,0.014648552384615645,0.0009022374207085897,0.058018752230814936
2013-02-01,IWM,28,0.14963673157220475,0.14382226434714337,0.02239115143561206,0.020684843721939586,0.0017063077136724725,0.07620455422219473
2013-02-01,GLD,28,0.1272563222637872,0.12065859612236449,0.01619417155610486,0.014558496818219871,0.0016356747378849894,0.10100391565065114
2013-02-01,TLT,43,0.14611596322530224,0.09335797310339197,0.021349874709257876,0.008715711141973658,0.012634163567284218,0.59176757425212
2013-02-04,SPY,25,0.13254122962694703,0.12468911325572467,0.017567177551023105,0.015547374964498935,0.0020198025865241706,0.11497593057608381
2013-02-04,IWM,25,0.16389483704859603,0.15827791832820345,0.026861517611185846,0.025051899430309447,0.0018096181808763996,0.06736842672369438
2013-02-04,GLD,25,0.1324360959689697,0.1264998823153526,0.017539319515502153,0.01600222022579806,0.0015370992897040942,0.08763733897119137
2013-02-04,TLT,40,0.14165267547551313,0.09475283983089612,0.02006548046937104,0.008978100656019453,0.011087379813351585,0.5525598965983357
2013-02-05,SPY,24,0.1227886361213982,0.11592752342386782,0.015077049160553135,0.013439190687191424,0.0016378584733617117,0.10863256171154005
2013-02-05,QQQ,24,0.1315975115341353,0.12650927229557707,0.01731790504197687,0.01600459597675646,0.001313309065220411,0.0758353312388006
2013-02-05,IWM,24,0.1579877257694185,0.15116595331885735,0.02496012149379298,0.02285114544279896,0.00210897605099402,0.08449382153522268
2013-02-05,GLD,24,0.12704527277529587,0.12122911370021457,0.016140501334549334,0.01469649800853955,0.0014440033260097844,0.08946458948699706
2013-02-05,TLT,39,0.14273033874265986,0.0962256100540581,0.020371949597594433,0.009259368030275645,0.011112581567318787,0.5454844424232714
2013-02-06,SPY,23,0.11878586888165939,0.11258842729626296,0.014110082645970775,0.012676153961045891,0.0014339286849248834,0.10162440014724868
2013-02-06,IWM,23,0.152490676515927,0.1465631720838766,0.02325340642428509,0.02148076341128802,0.0017726430129970695,0.07623154133433885
2013-02-06,GLD,23,0.12854035936878944,0.12300286183138888,0.016522623986657534,0.015129704018711743,0.0013929199679457906,0.08430379878345057
2013-02-06,TLT,38,0.13920771691326264,0.09316433588777201,0.01937878844820307,0.008679593481409602,0.010699194966793467,0.5521085590768997
2013-02-07,SPY,29,0.12445803268877237,0.12069164715363168,0.01548980190075953,0.014566473692656729,0.0009233282081028017,0.05960878092685788
2013-02-07,QQQ,29,0.1376109526538901,0.1326166073849955,0.018936774290311178,0.017587164554306044,0.0013496097360051335,0.07126925184378675
2013-02-07,IWM,29,0.15874198928136,0.15303460652915762,0.02519901916100341,0.023419590795534094,0.0017794283654693176,0.07061498521430791
2013-02-07,GLD,29,0.12724730418422958,0.12069894997350418,0.01619187642215385,0.014568236524706466,0.0016236398974473851,0.100274968454299
2013-02-07,TLT,37,0.13607873070408993,0.08890287099434756,0.018517420950036226,0.007903720471037604,0.010613700478998622,0.5731737971306343
2013-02-08,SPY,28,0.11964049217834644,0.11504510392978307,0.014313847368676975,0.013235375938214588,0.0010784714304623872,0.07534462277573314
2013-02-08,QQQ,28,0.12921406037109034,0.12563913550639802,0.016696273397583783,0.01578519237079504,0.0009110810267887424,0.05456792693156249
2013-02-08,IWM,28,0.15217050069346635,0.14573977326144444,0.023155861281300247,0.021240081510297236,0.0019157797710030108,0.08273411849077358
2013-02-08,GLD,28,0.12621502346438734,0.11930710982779152,0.01593023214811585,0.01423418645546071,0.0016960456926551383,0.10646710461502838
2013-02-08,TLT,36,0.12711855230229632,0.07254777089106679,0.01615912633943165,0.005263179061262717,0.010895947278168932,0.6742906175305122
2013-02-11,SPY,33,0.13345671636508483,0.132558513658358,0.0178106951429507,0.017571759543313085,0.00023893559963761649,0.013415287708867718
2013-02-11,QQQ,33,0.1386144517909089,0.13783484838964946,0.019213966245294204,0.01899844543059765,0.00021552081469655357,0.011216883174723904
2013-02-11,IWM,33,0.16021637242568573,0.1570613648289416,0.025669285993246034,0.02466827232192989,0.0010010136713161435,0.038996552984743124
2013-02-11,GLD,33,0.14091498595224788,0.13991012802475625,0.019857033265922218,0.01957484392390368,0.00028218934201853715,0.014211052489035121
2013-02-11,TLT,33,0.12770757697530888,0.07257895210812577,0.01630922521690444,0.005267704289113614,0.011041520927790826,0.6770107580798099
2013-02-12,SPY,32,0.13037996863826054,0.12960621855552976,0.0169989362221138,0.016797771888263743,0.00020116433385005544,0.011833936619419876
2013-02-12,QQQ,32,0.13601463061223834,0.13561288383427275,0.018499979740583643,0.018390854261847958,0.00010912547873568462,0.005898680985919928
2013-02-12,IWM,32,0.15839215376816934,0.15537697530670272,0.025088074375319402,0.024142004455459703,0.0009460699198596996,0.037709945598311985
2013-02-12,GLD,32,0.1385027890320536,0.13694404566559812,0.019183022569657544,0.01875367164326142,0.00042935092639612496,0.022381818341560222
2013-02-12,TLT,32,0.12705913624908982,0.06923577772788261,0.01614402410436477,0.004793592917584766,0.011350431186780004,0.7030732308998009
2013-02-13,SPY,31,0.13205558107856216,0.13122131206139762,0.017438676493996705,0.0172190327391147,0.00021964375488200613,0.012595207839173969
2013-02-13,QQQ,31,0.1364616516201856,0.13561842882382982,0.0186217823629089,0.018392358236644195,0.00022942412626470593,0.012320202319713272
2013-02-13,IWM,31,0.1553470942571828,0.15320513688621884,0.024132719694150036,0.02347181396832505,0.0006609057258249867,0.027386292726268874
2013-02-13,GLD,31,0.1426084736495585,0.1408964707581296,0.02033717675665682,0.019851815472096475,0.00048536128456034416,0.023865715992337746
2013-02-13,TLT,31,0.13061020303550505,0.05890107460083237,0.017059025136975853,0.00346933658913282,0.013589688547843032,0.7966275000314673
2013-02-14,SPY,30,0.12993794790338986,0.12861035344698574,0.016883870305344054,0.016540623013758596,0.00034324729158545855,0.020329893879652373
2013-02-14,QQQ,30,0.1302681023847937,0.1302681023847937,0.016969778498935092,0.016969778498935092,0.0,0.0
2013-02-14,IWM,30,0.15404874448098352,0.14940183127090614,0.02373101567616735,0.02232090718710031,0.0014101084890670405,0.05942048618185307
2013-02-14,GLD,30,0.14329853475403356,0.14232123448455059,0.020534470062652962,0.02025533378520643,0.0002791362774465303,0.013593546684908564
2013-02-14,TLT,30,0.12713313656404268,0.06987703107297652,0.01616283441261153,0.004882799471573726,0.011280034941037803,0.697899554810524
2013-02-15,SPY,29,0.12841942370165965,0.12534096505763903,0.01649154838386639,0.01571035752158029,0.0007811908622860977,0.04736916413805834
2013-02-15,QQQ,29,0.12758672879311692,0.12758672879311692,0.01627837336412837,0.01627837336412837,0.0,0.0
2013-02-15,IWM,29,0.1516058882073018,0.14840197347394918,0.022984345339124895,0.02202314573096271,0.0009611996081621832,0.04181975139948797
2013-02-15,GLD,29,0.15591467990245597,0.1533091619073424,0.02430938740908531,0.02350369912473172,0.0008056882843535881,0.03314309286347845
2013-02-15,TLT,29,0.12381675030050633,0.05402700143443934,0.015330587654977936,0.00291891688399691,0.012411670770981025,0.8096017615444037
2013-02-19,SPY,31,0.1119359205899581,0.10931639489181609,0.012529650318321407,0.011950074192143476,0.000579576126177931,0.046256368809467034
2013-02-19,QQQ,31,0.13306491565869397,0.12538363713711573,0.01770627177925534,0.015721056461731907,0.001985215317523433,0.112119329369456
2013-02-19,IWM,31,0.14508707035278423,0.14423931765527284,0.02105025798355376,0.020804980757658707,0.00024527722589505127,0.011651981941821453
2013-02-19,GLD,31,0.1474103474422796,0.12870698323948462,0.02172981053305359,0.016565487534608975,0.005164322998444614,0.23766074676947013
2013-02-19,TLT,25,0.13004119448947818,0.04319737416299175,0.01691071226425029,0.0018660131345775068,0.015044699129672783,0.8896549651239523
2013-02-20,SPY,30,0.13028483142657385,0.1280894540657163,0.016974137299850766,0.016406908242853253,0.0005672290569975133,0.033417253965684623
2013-02-20,QQQ,30,0.14992801586969653,0.13642470442556806,0.022478409942623977,0.01861169997760361,0.003866709965020365,0.17201883829372816
2013-02-20,IWM,30,0.16935010210407214,0.16935010210407214,0.02867945708265966,0.02867945708265966,0.0,0.0
2013-02-20,GLD,30,0.16695587948226065,0.10903310667456377,0.027874265693695145,0.011888218351106802,0.015986047342588343,0.5735055953852163
2013-02-20,TLT,24,0.13048899428514824,0.03835344225744448,0.017027377629549447,0.0014709865329951277,0.01555639109655432,0.9136105062683072
2013-02-21,SPY,29,0.13570901673355776,0.13299088160697595,0.018416937222789056,0.01768657459060069,0.0007303626321883659,0.03965711688937169
2013-02-21,QQQ,29,0.16433775476204138,0.14259134447042027,0.027006897640228855,0.020332291517882056,0.006674606122346799,0.24714449661202326
2013-02-21,IWM,29,0.1766845102443855,0.17155903454127683,0.031217416160298366,0.029432502332735016,0.0017849138275633503,0.057176859814341875
2013-02-21,GLD,29,0.16301467322607247,0.1553812792847229,0.026573783687003187,0.024143341952157053,0.002430441734846134,0.0914601309122127
2013-02-21,TLT,23,0.12983006310544076,0.05566043492924986,0.01685584528596273,0.003098084016513258,0.013757761269449473,0.8162012071211112
2013-02-22,SPY,28,0.12785660255651846,0.12369878615203445,0.01634731081729552,0.01530138969548675,0.0010459211218087697,0.06398123419187583
2013-02-22,QQQ,28,0.1543590846741934,0.13827574105931836,0.023826727021454806,0.019120180565503665,0.00470654645595114,0.19753222722168784
2013-02-22,IWM,28,0.16833110313072305,0.16270389414581982,0.02833536028120612,0.02647255717021414,0.0018628031109919826,0.06574128906444561
2013-02-22,GLD,28,0.16083334557956325,0.15579018477481674,0.02586736505031522,0.024270581672171544,0.001596783378143677,0.061729649503833736
2013-02-22,TLT,22,0.1265135369979851,0.05352252753252835,0.016005675043740546,0.0028646609534702548,0.01314101409027029,0.8210221720957306
2013-02-25,SPY,31,0.191538818354279,0.1874987984950388,0.036687118936553485,0.03515579943708316,0.0015313194994703225,0.04173997696898954
2013-02-25,QQQ,31,0.1904702520071938,0.1850898973915715,0.03627891689968392,0.03425827011642246,0.0020206467832614566,0.05569754987032321
2013-02-25,IWM,31,0.2098262615292484,0.2075558305766455,0.044027060027340546,0.04307942280636118,0.0009476372209793679,0.021523972311366935
2013-02-25,GLD,31,0.17378085829464684,0.16042619372729153,0.030199786709624126,0.025736563633826468,0.004463223075797659,0.147789887349612
2013-02-25,TLT,19,0.1342002603761655,0.08551894855528112,0.018009709885030617,0.007313490562000821,0.010696219323029797,0.5939140270060832
2013-02-26,SPY,30,0.1689883819261217,0.16449224596411047,0.02855707322600878,0.027057698982317416,0.0014993742436913635,0.05250447872668499
2013-02-26,QQQ,30,0.17695151218810357,0.17218617609649028,0.03131183766565657,0.029648079238731567,0.0016637584269250001,0.053135125593405934
2013-02-26,IWM,30,0.200181024742514,0.19871688142660016,0.040072442666963005,0.039488398963913464,0.0005840437030495416,0.014574696828527644
2013-02-26,GLD,30,0.15607150938635259,0.14656757009586524,0.02435831604213434,0.021482052603806374,0.0028762634383279646,0.11808137448223777
2013-02-26,TLT,18,0.12774962925138958,0.06741757282269113,0.01631996777386749,0.004545129125302862,0.011774838648564627,0.7214988909119787
2013-02-27,SPY,29,0.14599135190271176,0.1438946904639456,0.021313474830381422,0.020705681943714718,0.0006077928866667047,0.02851683695425969
2013-02-27,QQQ,29,0.1582197585051912,0.15499158155646556,0.02503349198144103,0.02402239035337451,0.0010111016280665193,0.04038995553701079
2013-02-27,IWM,29,0.1834362812657533,0.18279681552543245,0.03364886928460855,0.03341467576623898,0.00023419351836957009,0.006959922379225188
2013-02-27,GLD,29,0.15473294017614195,0.1402216838824699,0.023942282775553526,0.019662120630835316,0.00428016214471821,0.17877001056426026
2013-02-27,TLT,17,0.12357490713134965,0.057695825583675364,0.015270757672521692,0.0033288082897818885,0.011941949382739804,0.7820142024929274
2013-02-28,SPY,28,0.15171821605493152,0.148390297846912,0.02301841708289088,0.02201968049509525,0.0009987365877956317,0.0433885868085157
2013-02-28,QQQ,28,0.15532982131756576,0.15177986316300854,0.024127353390546908,0.0230371268617816,0.001090226528765309,0.045186329023242953
2013-02-28,IWM,28,0.18591315779507128,0.18533146217713628,0.03456370224133508,0.0343477508727153,0.00021595136861977948,0.006247923532957678
2013-02-28,GLD,28,0.15613438352781475,0.13848029598920214,0.02437794571961075,0.019176792377257033,0.005201153342353718,0.21335486599962641
2013-02-28,TLT,16,0.12140854284079364,0.05841735560691772,0.014740034274724824,0.003412587436105081,0.011327446838619743,0.7684817163582349
2013-03-01,SPY,27,0.14938818494822553,0.1467809154803018,0.02231682980212524,0.021544637149235504,0.0007721926528897367,0.03460135958989124
2013-03-01,QQQ,27,0.14799973543587713,0.144363917900058,0.021903921689089625,0.020840940791454692,0.0010629808976349332,0.04852925027413724
2013-03-01,IWM,27,0.17994701845796218,0.17994701845796218,0.032380929451910186,0.032380929451910186,0.0,0.0
2013-03-01,GLD,27,0.1559631476397955,0.1370347553522231,0.024324503421712645,0.018778524174443634,0.00554597924726901,0.22799969031715295
2013-03-04,SPY,32,0.12879667567466166,0.12444271205589492,0.016588583664843986,0.015485988583826377,0.001102595081017609,0.06646710191143848
2013-03-04,QQQ,32,0.14875545221217595,0.1387296608092276,0.022128184562848964,0.019245918788243343,0.002882265774605621,0.1302531514241191
2013-03-04,IWM,32,0.17366870772792903,0.16873771577869273,0.03016082004388884,0.028472416726210887,0.0016884033176779514,0.0559800202786613
2013-03-04,GLD,32,0.15458423417272893,0.14916058868876575,0.023896285454769097,0.02224888121797915,0.001647404236789947,0.06893976220313214
2013-03-04,TLT,47,0.1275672223094173,0.12452411388150599,0.0162733962077403,0.01550625493797427,0.0007671412697660297,0.04714082174200033
2013-03-05,SPY,31,0.12554359190231304,0.12215892948108527,0.015761193467734518,0.014922804051964764,0.0008383894157697538,0.053193269753718866
2013-03-05,QQQ,31,0.13838609495030144,0.13269275741990863,0.019150711275593847,0.01760736787169872,0.0015433434038951283,0.08058935157473782
2013-03-05,IWM,31,0.16083477223301437,0.15717424258514043,0.025867823959245615,0.024703742532212566,0.0011640814270330486,0.045001134570385286
2013-03-05,GLD,31,0.15146703560267896,0.1470617776435593,0.02294226287426322,0.02162716644368368,0.001315096430579539,0.057322001660735165
2013-03-05,TLT,46,0.12644589866928846,0.12413035955047622,0.015988565290283963,0.015408346162130502,0.0005802191281534617,0.036289630596564725
2013-03-06,SPY,30,0.126205688425127,0.1230700096217194,0.015927875790860233,0.015146227268290109,0.0007816485225701237,0.049074247742354374
2013-03-06,QQQ,30,0.13931177822628107,0.1317358902381779,0.01940777155256852,0.017354344776845252,0.0020534267757232674,0.10580435626837884
2013-03-06,IWM,30,0.15925377276547542,0.15504297429762123,0.025361764140037685,0.024038323879052834,0.0013234402609848504,0.05218250014775526
2013-03-06,GLD,30,0.14726372711074856,0.1434176994839014,0.021686605322549023,0.02056863652525465,0.0011179687972943733,0.051551120180711084
2013-03-06,TLT,45,0.12536714473407246,0.12274967502462106,0.01571692097877387,0.015067482718650079,0.000649438260123791,0.04132095981145894
2013-03-07,SPY,29,0.12186976782942045,0.11903914042202882,0.014852240310796844,0.014170316952415494,0.0006819233583813498,0.04591383818949019
2013-03-07,QQQ,29,0.13482111333755314,0.1282500963924653,0.01817673260157735,0.016448087224676635,0.0017286453769007164,0.09510209644337878
2013-03-07,IWM,29,0.154497225371514,0.15092283692059769,0.023869392647496393,0.022777702704161323,0.0010916899433350696,0.0457359749138642
2013-03-07,GLD,29,0.14680242127881574,0.14241385906406706,0.02155095089332289,0.020281707253519958,0.0012692436398029326,0.058895017954691785
2013-03-07,TLT,44,0.1310647443076412,0.12721879002708966,0.017177967200427368,0.016184620535956727,0.0009933466644706408,0.05782678781956968
2013-03-08,SPY,28,0.11457202114467818,0.11147192446617081,0.013126748029176585,0.012425989944191692,0.0007007580849848934,0.053383982341043724
2013-03-08,QQQ,28,0.13133775876018086,0.12617973528596296,0.017249606876147468,0.01592132559683569,0.0013282812793117792,0.07700356818847329
2013-03-08,IWM,28,0.14577400182566927,0.14176684601768133,0.021250059608270224,0.02009783862980097,0.0011522209784692525,0.05422201159477333
2013-03-08,GLD,28,0.13075417843789408,0.12705227986373152,0.017096655178968644,0.01614228181857196,0.0009543733603966827,0.05582222665230447
2013-03-08,TLT,43,0.1273685408519627,0.12317921039029248,0.016222745198758094,0.015173117872375937,0.0010496273263821566,0.06470096851810932
2013-03-11,SPY,25,0.11468036964944817,0.1119347475647411,0.013151587182934073,0.012529387712382314,0.0006221994705517594,0.04730983887322327
2013-03-11,QQQ,25,0.12825569455209807,0.12355554455437923,0.01644952318504108,0.015265972590129191,0.001183550594911889,0.07195044996733949
2013-03-11,IWM,25,0.15026826058370832,0.14565619847731948,0.022580550138853267,0.021215728154864284,0.0013648219839889827,0.060442370783544336
2013-03-11,GLD,25,0.12743383609102035,0.12357114873374501,0.01623938258087304,0.015269828799377331,0.0009695537814957099,0.059703857376798494
2013-03-11,TLT,40,0.12694216185710816,0.12298090227831351,0.01611431245695625,0.015124302325188098,0.0009900101317681514,0.06143669699918115
2013-03-12,SPY,24,0.11920261383325402,0.11600145456984733,0.014209263144679882,0.013456337462320354,0.000752925682359528,0.05298836925554668
2013-03-12,QQQ,24,0.13197535603936505,0.12644360394949958,0.01741749460171717,0.015987984979737906,0.0014295096219792656,0.0820732059729378
2013-03-12,IWM,24,0.15635958727938637,0.15211177337332013,0.024448320534180043,0.023137991598776306,0.0013103289354037366,0.05359586698692974
2013-03-12,GLD,24,0.12030456250358273,0.11731765055156262,0.014473187759178446,0.013763431130938563,0.0007097566282398826,0.04903941274373208
2013-03-12,TLT,39,0.12461616080108864,0.11987731345355922,0.015529187532802783,0.01437057028084289,0.0011586172519598929,0.07460900639602103
2013-03-13,SPY,23,0.11564809246840795,0.11200688272530258,0.013374481291581433,0.012545541777839687,0.0008289395137417461,0.06197918974723319
2013-03-13,QQQ,23,0.12739875550156435,0.12347892161523491,0.016230442903347374,0.015247044083261328,0.0009833988200860459,0.060589771082785994
2013-03-13,IWM,23,0.14742898482507907,0.1446761218129888,0.021735305566553398,0.020931180222846773,0.0008041253437066249,0.036996275080853916
2013-03-13,GLD,23,0.12166309075804017,0.1186144237239644,0.01480190765279912,0.014069381515368169,0.000732526137430951,0.04948863042612121
2013-03-13,TLT,38,0.12090850512946111,0.1165105465020027,0.014618866612640924,0.013574707446195333,0.001044159166445591,0.07142545274629616
2013-03-14,SPY,29,0.10931624597294048,0.10286758668906103,0.011950041633616426,0.010581740391231486,0.0013683012423849408,0.1145017970929741
2013-03-14,QQQ,29,0.12392723769966868,0.11565045988717536,0.015357960243870181,0.013375028872115157,0.0019829313717550246,0.12911424045041864
2013-03-14,IWM,29,0.13845129972880402,0.13041177473844998,0.019168762396595124,0.017007230990432217,0.0021615314061629066,0.11276322182108384
2013-03-14,GLD,29,0.12554577947293868,0.12463505077001182,0.015761742743467755,0.015533895880443424,0.00022784686302433112,0.01445568975034561
2013-03-14,TLT,37,0.12175578342480944,0.1157658167584164,0.014824470797389102,0.013401724329743243,0.0014227464676458586,0.09597283350555987
2013-03-15,SPY,28,0.10815788885514585,0.10191918637759598,0.011698128921602083,0.010387520551871145,0.0013106083697309381,0.11203572626992793
2013-03-15,QQQ,28,0.12346290498680515,0.1142222645248688,0.015243088907780875,0.013046725713189104,0.0021963631945917713,0.14408911526263105
2013-03-15,IWM,28,0.1423055210749482,0.13521632317460294,0.02025086132841253,0.018283454052858666,0.001967407275553862,0.09715178251670382
2013-03-15,GLD,28,0.12481662866993362,0.1237847837242477,0.015579190792528095,0.015322672681658777,0.0002565181108693179,0.016465432273436567
2013-03-15,TLT,36,0.11680997951026878,0.11314984857633682,0.013644571313189413,0.012802888232847953,0.0008416830803414602,0.06168629713766487
2013-03-18,SPY,33,0.1349541663516957,0.1327420388304504,0.01821262701568115,0.0176204488728648,0.0005921781428163478,0.03251470215178073
2013-03-18,QQQ,33,0.1296002322940609,0.12619378512488613,0.016796220210674548,0.015924871404145936,0.0008713488065286122,0.05187767221430221
2013-03-18,IWM,33,0.16350078835968523,0.16010632967584282,0.026732507794238584,0.025634036802269666,0.0010984709919689174,0.04109120627304787
2013-03-18,GLD,33,0.13188214927756392,0.12062276874100622,0.01739290129806965,0.014549852338746267,0.0028430489593233837,0.16346030547755244
2013-03-18,TLT,33,0.11843326890542709,0.11501264965801039,0.014026439183625202,0.013227909581356237,0.0007985296022689648,0.05693031508675325
2013-03-19,SPY,32,0.14196016840694228,0.13950980648511752,0.020152689414127414,0.01946298610551494,0.0006897033086124757,0.03422388418932218
2013-03-19,QQQ,32,0.1365950969554166,0.1323363936547462,0.018658220512259665,0.01751292108554395,0.0011452994267157138,0.06138310059971569
2013-03-19,IWM,32,0.17144070896301009,0.1687507420216668,0.02939191668973953,0.028476812932863135,0.0009151037568763953,0.031134538333658597
2013-03-19,GLD,32,0.140809421176566,0.13128863286043901,0.01982729309207955,0.017236705118363144,0.002590587973716408,0.13065767281925517
2013-03-19,TLT,32,0.12234635713668877,0.11990467792975412,0.014968631104618196,0.014377131789438067,0.0005914993151801291,0.039515925741375024
2013-03-20,SPY,31,0.12597387586917252,0.1251679398506598,0.015869417401501686,0.015667013166458393,0.00020240423504329363,0.012754358268006775
2013-03-20,QQQ,31,0.12493931934366656,0.12246631378818623,0.015609833518058693,0.014997998012866493,0.0006118355051922004,0.039195517651381774
2013-03-20,IWM,31,0.1563242987902475,0.15509083678291355,0.02443728639226258,0.02405316765402433,0.0003841187382382476,0.015718551236518167
2013-03-20,GLD,31,0.129907393134524,0.1169132982512077,0.016875930791007774,0.013668719307975847,0.0032072114830319267,0.1900464941904637
2013-03-20,TLT,31,0.12081354288117421,0.1157291658012272,0.014595912143501321,0.013393239817047937,0.0012026723264533835,0.08239788747898574
2013-03-21,SPY,30,0.13685690197305064,0.13602632799899875,0.018729811617661195,0.018503161908891192,0.0002266497087700034,0.012101013795370213
2013-03-21,QQQ,30,0.13261609072432384,0.12940228584757876,0.017587027519002093,0.016744951582578486,0.0008420759364236065,0.047880515084983886
2013-03-21,IWM,30,0.16714054176343382,0.16553524304400155,0.027935960700974163,0.027401916689636666,0.0005340440113374978,0.019116722601878338
2013-03-21,GLD,30,0.1289085845983656,0.11961728411615614,0.016617423183153977,0.01430829465932522,0.002309128523828757,0.1389582788124245
2013-03-21,TLT,30,0.12455191205937399,0.12112542567191671,0.015513178797646033,0.014671368744203021,0.0008418100534430123,0.0542641881733967
2013-03-22,SPY,29,0.13433563359088752,0.13337574681380338,0.018046062452265185,0.017789089838139784,0.000256972614125401,0.014239816292619842
2013-03-22,QQQ,29,0.1292342724878517,0.1266786079490609,0.016701497185464296,0.01604746971191188,0.0006540274735524175,0.0391598110211121
2013-03-22,IWM,29,0.16763834726532237,0.1656358264257623,0.02810261547384882,0.027435226995745257,0.0006673884781035616,0.02374826922158213
2013-03-22,GLD,29,0.12386840993136859,0.10945402441504698,0.015343382978925572,0.0119801834606497,0.003363199518275871,0.2191954357715824
2013-03-22,TLT,29,0.11927270478611193,0.11825987952611583,0.014225978106995009,0.01398539910553143,0.0002405790014635787,0.01691124502330595
2013-03-25,SPY,32,0.13131429036410708,0.12279520857868034,0.017243442853829023,0.015078663249881611,0.0021647796039474115,0.12554219144622314
2013-03-25,QQQ,32,0.13732758112734264,0.1290247449771329,0.018858864538286873,0.016647384816414184,0.002211479721872689,0.11726473337686842
2013-03-25,IWM,32,0.1575285994354755,0.14834661793843126,0.024815259640102495,0.022006719053770895,0.0028085405863315996,0.11317796497252364
2013-03-25,GLD,32,0.12294010103076461,0.11780478711969365,0.015114268441454609,0.01387796786831634,0.0012363005731382687,0.08179691778845276
2013-03-25,TLT,26,0.11727206208728481,0.11606951192244795,0.013752736546203983,0.013472131597915288,0.00028060494828869437,0.020403571852479548
2013-03-26,SPY,31,0.12331381226903923,0.11518243719845901,0.01520629629632385,0.013266993838976955,0.0019393024573468951,0.12753286004401512
2013-03-26,QQQ,31,0.12902082449319804,0.12272674692179299,0.01664637315290461,0.015061854410005826,0.001584518742898786,0.09518702532643301
2013-03-26,IWM,31,0.15398586818062393,0.14564545003627952,0.02371164759934049,0.021212597116270396,0.0024990504830700935,0.10539337144752445
2013-03-26,GLD,31,0.11923824421622131,0.1137610704211309,0.014217758883767233,0.012941581143361504,0.0012761777404057296,0.08975941643396226
2013-03-26,TLT,25,0.1105897399906605,0.1091351427476658,0.012230090591201895,0.01191047938255339,0.0003196112086485056,0.026133184072931408
2013-03-27,SPY,30,0.12736344109618294,0.11866131530365633,0.01622144612786086,0.014080507749593744,0.0021409383782671175,0.13198196766131634
2013-03-27,IWM,30,0.157991246172356,0.15136331609337786,0.024961233867093993,0.02291085345878382,0.002050380408310175,0.08214259035540544
2013-03-27,GLD,30,0.1177276417766735,0.11213327348396754,0.01385979763829676,0.012573871022230256,0.001285926616066503,0.09278105277044518
2013-03-27,TLT,24,0.11331114608096844,0.11198566177236176,0.012839415826182568,0.012540788442593804,0.00029862738358876414,0.023258642576229453
2013-03-28,SPY,29,0.12084541938639073,0.11351483967381622,0.014603615386672661,0.0128856188261722,0.0017179965605004614,0.11764186573061315
2013-03-28,IWM,29,0.15751415443584202,0.15183722857133466,0.024810708847638287,0.02305454398022373,0.0017561648674145579,0.07078253500128134
2013-03-28,GLD,29,0.11820856937568942,0.11169110556378374,0.01397326587384718,0.012474903062060283,0.0014983628117868977,0.10723068073808589
2013-03-28,TLT,23,0.10926274480492155,0.1080247799372927,0.011938347402305411,0.011669353080500515,0.0002689943218048968,0.022531956286759705
2013-04-01,SPY,32,0.13343509091769568,0.1218158046383995,0.01780492348821371,0.014839090259700713,0.002965833228512996,0.1665737699168594
2013-04-01,QQQ,32,0.1429303883522378,0.13637230503667613,0.020429095914521522,0.01859740558101624,0.0018316903335052828,0.08966086121330855
2013-04-01,IWM,32,0.1674545670107215,0.15965936820607,0.02804103201274822,0.025491113855961436,0.002549918156786783,0.09093524644982826
2013-04-01,GLD,32,0.12804172011292267,0.12280158095436165,0.016394682089476028,0.015080228284890638,0.0013144538045853898,0.08017562020486849
2013-04-01,TLT,19,0.11378225770829214,0.11277744982586045,0.012946402169196207,0.01271875318922447,0.00022764897997173614,0.017583957071362167
2013-04-02,SPY,31,0.12485396082903784,0.1137972323599701,0.015588511534698915,0.012949810092789024,0.002638701441909891,0.1692721871511805
2013-04-02,QQQ,31,0.13792122034211377,0.13351775211985534,0.019022263020657897,0.017826990131139135,0.0011952728895187614,0.06283547274163503
2013-04-02,IWM,31,0.16352562301490797,0.15542641373880622,0.0267406293824138,0.024157370087706576,0.002583259294707225,0.09660428173789085
2013-04-02,GLD,31,0.13371439763016812,0.1250227037923957,0.017879540133598708,0.01563067646356111,0.0022488636700375986,0.12577860801976667
2013-04-02,TLT,18,0.11302988721828065,0.11152591185954033,0.012775755404577245,0.012438029016101958,0.00033772638847528666,0.02643494476688928
2013-04-03,SPY,30,0.13863299432065376,0.12538610300263336,0.01921910711431042,0.015721674826186985,0.0034974322881234365,0.1819768352047568
2013-04-03,QQQ,30,0.14741640165871236,0.1414585551298962,0.021731595478002814,0.020010522819437878,0.0017210726585649358,0.07919679253679475
2013-04-03,IWM,30,0.1718788584057995,0.15957157118093737,0.029542341966880877,0.025463086329152965,0.0040792556377279125,0.1380816606314102
2013-04-03,GLD,30,0.1486339637188093,0.1364310752036701,0.022092055170764315,0.018613438281229487,0.003478616889534828,0.1574600852046704
2013-04-03,TLT,17,0.11647640638574837,0.11501818232039028,0.013566753244538004,0.013229182264286538,0.00033757098025146565,0.024882223046798043
2013-04-04,SPY,29,0.13561385019976466,0.1219047738190598,0.018391116366004205,0.01486077387987613,0.003530342486128076,0.19195911851516956
2013-04-04,QQQ,29,0.15029288262526394,0.14306060612712476,0.022587950567811366,0.020466337025460326,0.0021216135423510404,0.09392678348492649
2013-04-04,IWM,29,0.1702756906030009,0.1603536623383732,0.02899381081032889,0.02571329702532901,0.00328051378499988,0.11314531251032425
2013-04-04,GLD,29,0.15509192944551334,0.1404228643139752,0.024053506579132085,0.019718580822141084,0.004334925756991001,0.18022011646118238
2013-04-04,TLT,16,0.12078014585171458,0.11948916547329066,0.014587843631961446,0.014277660665503438,0.00031018296645800823,0.0212631129235858
2013-04-05,SPY,28,0.13557269611205197,0.12133393717300402,0.018379955931090795,0.014721924309902486,0.003658031621188308,0.1990228722475079
2013-04-05,QQQ,28,0.1531889091633994,0.14470059154552045,0.023466841890672233,0.020938261193623547,0.002528580697048685,0.10775121376915074
2013-04-05,IWM,28,0.17099302034449496,0.16119970052608212,0.02923861300653286,0.025985343449698557,0.003253269556834304,0.11126620664623925
2013-04-05,GLD,28,0.14005632540506277,0.13082535209430737,0.01961577428596883,0.017115272750599493,0.002500501535369338,0.12747401651934523
2013-04-05,TLT,43,0.12770266215422935,0.12545484358817552,0.01630796992127724,0.01573891777973358,0.0005690521415436592,0.03489411277373088
2013-04-08,SPY,25,0.12916634584948133,0.11716187378814932,0.01668394490010782,0.013726904669550231,0.0029570402305575897,0.17723867156492945
2013-04-08,QQQ,25,0.14712446710480467,0.1398891444664973,0.02164560882087275,0.019568972739568556,0.0020766360813041923,0.09593798439624866
2013-04-08,IWM,25,0.16196655085709386,0.15232213045630927,0.02623316359654357,0.0232020314267489,0.003031132169794667,0.115545811264412
2013-04-08,GLD,25,0.1395837962892461,0.12785162314469323,0.019483636186517755,0.016346037540732657,0.0031375986457850974,0.16103763259325518
2013-04-08,TLT,40,0.124569712987919,0.12426453996791101,0.015517613393892515,0.015441675893436552,7.593750045596301e-05,0.0048936327080974186
2013-04-09,SPY,24,0.12624444593054895,0.11569520187543507,0.015937660128311295,0.013385379736997676,0.002552280391313619,0.1601414743924553
2013-04-09,QQQ,24,0.1443579671962853,0.13808128027409733,0.02083922269304378,0.01906643996213382,0.001772782730909958,0.08506952284269799
2013-04-09,IWM,24,0.16485680845947337,0.15385253410935457,0.027177767295443488,0.023670602251870114,0.0035071650435733737,0.12904537026341273
2013-04-09,GLD,24,0.13399220361341835,0.1252810389581407,0.017953910629179764,0.015695338722431167,0.0022585719067485972,0.12579832624753248
2013-04-09,TLT,39,0.12061639463571826,0.12004651553988836,0.014548314654919325,0.014411165893268659,0.00013714876165066628,0.009427123684343133
2013-04-10,SPY,23,0.11912646219650433,0.1111612014527371,0.014191113995455177,0.012356812708416,0.0018343012870391771,0.1292570327901409
2013-04-10,QQQ,23,0.1340582762232562,0.13058512876290987,0.017971621423950854,0.01705247585402575,0.0009191455699251033,0.051144276203156286
2013-04-10,IWM,23,0.15053914685481337,0.14198393597304756,0.022662034735775063,0.02015943807439847,0.002502596661376595,0.11043124284978305
2013-04-10,GLD,23,0.1507174898439386,0.1363661503403948,0.022715761744857732,0.018595726958659152,0.00412003478619858,0.18137339317407
2013-04-10,TLT,38,0.12001002024757798,0.11971925345803845,0.014402404959824078,0.014332699648550053,6.970531127402542e-05,0.004839838309537219
2013-04-11,SPY,29,0.12146228274378797,0.11589582749561766,0.014753086129331891,0.013431842830893968,0.0013212432984379234,0.08955707889558409
2013-04-11,QQQ,29,0.1374610085307981,0.13197596576440396,0.018895528866304145,0.017417655539447126,0.0014778733268570182,0.07821285857166281
2013-04-11,IWM,29,0.15504771778317286,0.1481706582380707,0.02403979478977042,0.02195454396270315,0.002085250827067269,0.08674162343326657
2013-04-11,GLD,29,0.15166654538324134,0.1406608662209619,0.023002740988486804,0.019785479286031343,0.003217261702455461,0.13986427548202823
2013-04-11,TLT,37,0.12148940414541029,0.12029145330490604,0.014759675319606834,0.014470033738206389,0.00028964158140044535,0.019623845045946497
2013-04-12,SPY,28,0.11965903916775177,0.11387914900129333,0.014318285654549552,0.012968460577258766,0.0013498250772907856,0.09427281378912053
2013-04-12,QQQ,28,0.13549846602504634,0.1300274854894384,0.01835983429514064,0.016907146982706112,0.0014526873124345273,0.07912311674942595
2013-04-12,IWM,28,0.156782260413497,0.14884183921415703,0.02458067718036559,0.022153893100652973,0.0024267840797126163,0.09872730771026393
2013-04-12,GLD,28,0.19970684558878268,0.12509586105846723,0.03988282417502189,0.015648974453959342,0.024233849721062548,0.6076262206185464
2013-04-12,TLT,36,0.12407029551646585,0.12339557232434926,0.015393438229543166,0.01522646726925371,0.00016697096028945625,0.01084689188988362
2013-04-15,SPY,33,0.16744712400895975,0.16325288623371817,0.02803853933887195,0.026651504863639326,0.0013870344752326229,0.04946885636477047
2013-04-15,QQQ,33,0.16599867236569485,0.15541571790058215,0.027555559227173305,0.024154045370553327,0.003401513856619978,0.1234420186713413
2013-04-15,IWM,33,0.2027882931219388,0.20019941009594547,0.041123091827309374,0.04007980380276455,0.0010432880245448209,0.025369882909727748
2013-04-15,GLD,33,0.33392750165902607,0.17512767328754306,0.11150757636423886,0.030669701951108425,0.08083787441313044,0.7249540977294133
2013-04-15,TLT,33,0.13772071689184312,0.13693221432305874,0.0189669958612032,0.018750431319416096,0.00021656454178710371,0.011417967472122684
2013-04-16,SPY,32,0.13879915173385332,0.13523109136692013,0.019265204522037234,0.0182874480722883,0.0009777564497489323,0.05075245625503163
2013-04-16,QQQ,32,0.14896392650168852,0.14321076381244116,0.022190251398800456,0.02050932287174281,0.0016809285270576457,0.07575076536305092
2013-04-16,IWM,32,0.19373248736578158,0.19217934791485658,0.037532276660932715,0.036932901764979494,0.0005993748959532211,0.0159695853616338
2013-04-16,GLD,32,0.28982160484000263,0.1850513090315292,0.08399656263203464,0.03424398697428252,0.049752575657752124,0.5923168055781542
2013-04-16,TLT,32,0.12692011894843006,0.1254968552910147,0.016108716593883632,0.015749460687933883,0.00035925590594974854,0.022301957071251443
2013-04-17,SPY,31,0.16551703431036224,0.15978634660353128,0.027395888646897636,0.025531676560903833,0.0018642120859938029,0.06804714787760352
2013-04-17,QQQ,31,0.17176748694749674,0.15988371272502416,0.02950406957225846,0.025562801594738054,0.003941267977520407,0.13358387621300313
2013-04-17,IWM,31,0.21546719660006283,0.21291178576401948,0.04642611281069013,0.04533142851722372,0.0010946842934664094,0.023579064177312432
2013-04-17,GLD,31,0.2647955195842001,0.1502352321476331,0.07011666719186652,0.02257062497845321,0.04754604221341331,0.6780990043823506
2013-04-17,TLT,31,0.13168908510340194,0.13086765213152324,0.017342015135371036,0.01712634237441738,0.0002156727609536578,0.012436430211260074
2013-04-18,SPY,30,0.1726137624411967,0.1669968576350525,0.02979551098410589,0.02788795045998199,0.0019075605241238996,0.06402174223967726
2013-04-18,QQQ,30,0.1893136156875992,0.17446060984811035,0.035839645084712,0.030436504388574575,0.005403140696137423,0.1507587668172033
2013-04-18,IWM,30,0.22619649550392418,0.22338046706059358,0.051164854578256785,0.04989883306420893,0.001266021514047852,0.024743967797494052
2013-04-18,GLD,30,0.24262256432556448,0.13355658053446512,0.05886570871991267,0.017837360204059065,0.0410283485158536,0.6969821549430327
2013-04-18,TLT,30,0.1269974981126194,0.12638180904378868,0.01612836452686477,0.01597236165718067,0.00015600286968410135,0.009672578358720114
2013-04-19,SPY,29,0.14539954755880546,0.1422954277997542,0.02114102843030533,0.02024798877271506,0.0008930396575902687,0.042242015828809466
2013-04-19,QQQ,29,0.16166549003884845,0.15041176697319203,0.026135730669501006,0.02262369964399782,0.003512031025503185,0.13437661529017578
2013-04-19,IWM,29,0.20688999061666777,0.20515275167841576,0.04280346821736488,0.042087651521225726,0.0007158166961391543,0.016723334018264334
2013-04-19,GLD,29,0.24213010802860493,0.14913337059880205,0.058626989213943895,0.022240762226159637,0.03638622698778426,0.6206395292618937
2013-04-19,TLT,29,0.12301898159383594,0.1221260084157371,0.015133669832384546,0.01491476193156069,0.00021890790082385557,0.014464958152808016
2013-04-22,SPY,32,0.13806560912645346,0.13080721075597618,0.01906211242345863,0.01711052638575837,0.0019515860377002578,0.10238036553066149
2013-04-22,QQQ,32,0.15470800627553422,0.14475529233804518,0.023934567205750736,0.02095409465987292,0.0029804725458778165,0.1245258592000653
2013-04-22,IWM,32,0.19837544416439723,0.18849549056392895,0.03935281684742189,0.035530549962936225,0.003822266884485663,0.09712816491142921
2013-04-22,GLD,32,0.22169006674732958,0.21258912274937516,0.04914648569443544,0.045194135111348906,0.003952350583086538,0.08041980066814906
2013-04-22,TLT,26,0.12382437245929062,0.12247299982187243,0.01533247521493713,0.014999635685368364,0.000332839529568767,0.02170814072110873
2013-04-23,SPY,31,0.1301298043024153,0.12363952566673547,0.016933765967784908,0.01528673230709534,0.0016470336606895682,0.09726328235685516
2013-04-23,QQQ,31,0.14597552643528774,0.14061981825082157,0.02130885431805939,0.01977393328489409,0.0015349210331652985,0.0720320769129499
2013-04-23,IWM,31,0.1872488509565153,0.17952515193308713,0.03506213218453528,0.03222928017659801,0.0028328520079372657,0.08079520073188079
2013-04-23,GLD,31,0.22969687683052561,0.22456065863308408,0.05276065522569765,0.050427489405724515,0.002333165819973136,0.0442216991049941
2013-04-23,TLT,25,0.11946492410566188,0.11946492410566188,0.014271868091571554,0.014271868091571554,0.0,0.0
2013-04-24,SPY,30,0.131907113040016,0.1256715243754759,0.01739948647055156,0.015793332038855835,0.0016061544316957263,0.09231045033507884
2013-04-24,QQQ,30,0.14571692863746447,0.13852496583832477,0.02123342329153591,0.019189166160509044,0.002044257131026867,0.09627543815988217
2013-04-24,IWM,30,0.184136174809204,0.17674581107059784,0.033906130873365734,0.031239081731003468,0.0026670491423622655,0.07865979024039312
2013-04-24,GLD,30,0.20862905417592728,0.20227395060504622,0.043526082246341996,0.04091475109337268,0.0026113311529693192,0.059994628925941984
2013-04-24,TLT,24,0.11862329380640929,0.11862329380640929,0.014071485833481702,0.014071485833481702,0.0,0.0
2013-04-25,SPY,29,0.13305653390884567,0.12728181817540038,0.017704041215835794,0.01620066123803568,0.0015033799778001143,0.08491733381502642
2013-04-25,QQQ,29,0.14607686693706498,0.14026071891794403,0.02133845105414899,0.0196730692713785,0.0016653817827704878,0.07804604835394909
2013-04-25,IWM,29,0.19118075503089385,0.18457625456167417,0.036550081094182646,0.03406839374801594,0.0024816873461667027,0.06789827195654816
2013-04-25,GLD,29,0.20483837657814163,0.19808354999108002,0.04195876051916857,0.039237092777068695,0.0027216677420998717,0.06486530365587174
2013-04-25,TLT,23,0.11291882134607319,0.11291882134607319,0.012750660214186393,0.012750660214186393,0.0,0.0
2013-04-26,SPY,28,0.13222504039470237,0.1264069012647967,0.017483461307380675,0.01597870468736806,0.0015047566200126136,0.0860674321610091
2013-04-26,QQQ,28,0.14585643391371472,0.13983908650860785,0.021274099314025827,0.01955497011556191,0.0017191291984639187,0.08080855377649346
2013-04-26,IWM,28,0.18951420552875436,0.18291502557246783,0.035915634097194955,0.03345790658017656,0.002457727517018393,0.06843057567540883
2013-04-26,GLD,28,0.2442238838772945,0.23417361666419484,0.05964530545611022,0.05483728274158927,0.004808022714520951,0.0806102454795695
2013-04-26,TLT,22,0.11515856767313674,0.11515856767313674,0.013261495708528415,0.013261495708528415,0.0,0.0
2013-04-29,SPY,32,0.13357062090115798,0.12771257229003183,0.01784111076792086,0.016310501120936606,0.0015306096469842531,0.0857911632798312
2013-04-29,QQQ,32,0.14742514377125981,0.14297578295950822,0.02173417301597663,0.0204420745128844,0.0012920985030922295,0.05945008821556806
2013-04-29,IWM,32,0.18669171317183758,0.1789330325909556,0.03485379576703567,0.03201703015219598,0.002836765614839691,0.08139043545789845
2013-04-29,GLD,32,0.22259631163032506,0.21455735936712728,0.04954911795142479,0.046034860458594604,0.003514257492830186,0.070924723549577
2013-04-29,TLT,19,0.12120275483888478,0.12120275483888478,0.014690107780534806,0.014690107780534806,0.0,0.0
2013-04-30,SPY,31,0.13018346610248874,0.12415425381076053,0.016947734846457837,0.015414278739306748,0.001533456107151089,0.09048147856004422
2013-04-30,QQQ,31,0.1462933876599681,0.14323439638667676,0.021401755273029704,0.020516092308255643,0.0008856629647740616,0.04138272555102833
2013-04-30,IWM,31,0.18286989576950985,0.1761875325710142,0.033441398778751394,0.031042046633462186,0.002399352145289208,0.07174796010069269
2013-04-30,GLD,31,0.21290609217801343,0.2054767446952078,0.04532900408651275,0.04222069261053961,0.0031083114759731384,0.06857224284126705
2013-04-30,TLT,18,0.12114405050534666,0.12114405050534666,0.014675880972841983,0.014675880972841983,0.0,0.0
2013-05-01,SPY,30,0.14145612811365238,0.13460793947570673,0.020009836180906036,0.018119297369895527,0.0018905388110105094,0.09448047419871014
2013-05-01,QQQ,30,0.15083778274857654,0.14676483685367325,0.022752036704506772,0.021539917336685324,0.001212119367821448,0.05327520272421804
2013-05-01,IWM,30,0.20266903064576658,0.19199121069783912,0.04107473598289467,0.03686062498522205,0.004214110997672618,0.10259617978865548
2013-05-01,GLD,30,0.2255102443940661,0.2146873545450753,0.05085487032667143,0.04609066020156286,0.004764210125108567,0.09368247513965092
2013-05-01,TLT,17,0.12610466074426233,0.12610466074426233,0.015902385461425497,0.015902385461425497,0.0,0.0
2013-05-02,SPY,29,0.12884238669059556,0.12400643914086293,0.01660036060812895,0.01537759694839654,0.001222763659732411,0.07365886131013574
2013-05-02,QQQ,29,0.14494951086873403,0.1413232063310102,0.021010360701085248,0.01997224864767728,0.0010381120534079663,0.04940953028732842
2013-05-02,IWM,29,0.18976886851016703,0.18263870579888183,0.036012223455629065,0.03335689685589051,0.002655326599738557,0.07373403652818619
2013-05-02,GLD,29,0.21907995860228197,0.20932675725345226,0.047996028261177576,0.04381769130224573,0.004178336958931848,0.08705589004562632
2013-05-02,TLT,16,0.12247433879195921,0.12247433879195921,0.014999963662527604,0.014999963662527604,0.0,0.0
2013-05-03,SPY,28,0.12158274899824618,0.11811558678514696,0.014782364853970534,0.013951291841599583,0.0008310730123709514,0.05622057232254862
2013-05-03,QQQ,28,0.13929975608890346,0.13865537434737502,0.019404422046427998,0.0192253128354107,0.0001791092110172976,0.00923032959130408
2013-05-03,IWM,28,0.1798915287553223,0.17470749728220147,0.032360962117926946,0.030522709606610434,0.001838252511316512,0.05680463098154237
2013-05-03,GLD,28,0.20115070763213005,0.19201362871755967,0.04046160718090666,0.036869233613284855,0.0035923735676218066,0.08878474726819562
2013-05-03,TLT,15,0.10806746383135721,0.10806746383135721,0.011678576738941699,0.011678576738941699,0.0,0.0
2013-05-06,SPY,32,0.12374665084197727,0.11979728177378104,0.015313233594606231,0.014351388720386691,0.0009618448742195404,0.06281134995278399
2013-05-06,QQQ,32,0.14215992853771567,0.13997283110577052,0.020209445281848423,0.019592393447764558,0.0006170518340838649,0.03053284370145895
2013-05-06,IWM,32,0.17543588619983957,0.170593233617708,0.030777750166723062,0.029102051356145905,0.0016756988105771572,0.05444513655156395
2013-05-06,GLD,32,0.1929720626306407,0.18385746712085885,0.037238216955923914,0.033803568216097694,0.0034346487398262196,0.092234511225163
2013-05-06,TLT,47,0.11811456533684513,0.11100749841561659,0.013951050544711857,0.012322664704493119,0.0016283858402187379,0.11672137771990061
2013-05-07,SPY,31,0.12402311793353908,0.11954688375599533,0.015381733781956543,0.014291457415769461,0.0010902763661870818,0.0708812401542162
2013-05-07,QQQ,31,0.1379350523196204,0.1354684952864038,0.019026078658416417,0.018351713215162414,0.0006743654432540026,0.03544426864627141
2013-05-07,IWM,31,0.1767229589893469,0.17219646973217154,0.031231004233950383,0.02965162418822267,0.0015793800457277116,0.05057090171986241
2013-05-07,GLD,31,0.21000288624177646,0.19684568361692514,0.0441012122298765,0.03874822315861459,0.0053529890712619085,0.12137963562905216
2013-05-07,TLT,46,0.11889781054606569,0.1100435051577173,0.014136689352648127,0.012109573027396554,0.002027116325251573,0.14339399237572178
2013-05-08,SPY,30,0.12237992369597278,0.11861055923531443,0.01497684572383212,0.014068464762114033,0.0009083809617180874,0.06065235487286974
2013-05-08,QQQ,30,0.13980715873342694,0.13720862466855355,0.019546041633113635,0.018826206683436,0.0007198349496776342,0.03682765867325979
2013-05-08,IWM,30,0.17628650366032778,0.1708472312742347,0.031076931372782755,0.029188776434071837,0.0018881549387109176,0.06075744468015809
2013-05-08,GLD,30,0.19677897290472207,0.18725015677646156,0.03872196417743734,0.03506262121280944,0.0036593429646279013,0.09450303057612303
2013-05-08,TLT,45,0.11919102908009907,0.10946994077624675,0.014206501413173023,0.011983667933554971,0.0022228334796180523,0.1564659316865251
2013-05-09,SPY,29,0.12523214894819013,0.12124202684174189,0.015683091130181678,0.01469962907269366,0.000983462057488017,0.06270843224237671
2013-05-09,QQQ,29,0.13928103133080155,0.13700561647513623,0.019399205688571723,0.018770538945732124,0.0006286667428395988,0.032406829069808414
2013-05-09,IWM,29,0.18515433626396224,0.1806235248336723,0.0342821282373484,0.032624857723340235,0.0016572705140081648,0.04834211290892566
2013-05-09,GLD,29,0.20785458751395056,0.19523434849324126,0.043203529550594526,0.03811645083158038,0.005087078719014149,0.11774683161144979
2013-05-09,TLT,44,0.12157255678254247,0.11480997579581106,0.014779886562644515,0.013181330542234724,0.0015985560204097912,0.1081575297370731
2013-05-10,SPY,28,0.11928232480614767,0.1154080735975233,0.014228273011159313,0.013319023451491354,0.0009092495596679587,0.06390442177731825
2013-05-10,QQQ,28,0.13511217429872724,0.13399028638110136,0.018255299643729652,0.017953396844489555,0.00030190279924009744,0.01653781669608449
2013-05-10,IWM,28,0.1783106371019272,0.1735503845902473,0.03179468330369518,0.03011973599142275,0.0016749473122724262,0.052680106805082214
2013-05-10,GLD,28,0.23499796837953793,0.21704325031189212,0.055224045142510315,0.047107772505950656,0.00811627263655966,0.14696990442505492
2013-05-10,TLT,43,0.12570949208579432,0.11430905321829476,0.015802876400468388,0.013066559647662944,0.0027363167528054438,0.17315308197464235
2013-05-13,SPY,25,0.1258862144202705,0.12195347455492733,0.015847338981066324,0.014872649956019307,0.0009746890250470173,0.06150490162490568
2013-05-13,QQQ,25,0.14187864291771507,0.14163105739542575,0.020129549316172498,0.020059356418946385,7.019289722611302e-05,0.003487057565154655
2013-05-13,IWM,25,0.18387489595330977,0.18091925723432978,0.03380997736184049,0.03273177763822158,0.0010781997236189098,0.03188998655869601
2013-05-13,GLD,25,0.23758405363235477,0.21902890869107305,0.05644618254038163,0.04797366284240242,0.008472519697979214,0.1500990734301291
2013-05-13,TLT,40,0.13729870963682558,0.12434744597962712,0.018850935667937344,0.015462287321656283,0.0033886483462810604,0.17976022018072293
2013-05-14,SPY,24,0.12767668021842024,0.12466557109708142,0.016301334671596744,0.01554150461696146,0.0007598300546352837,0.046611524144658086
2013-05-14,QQQ,24,0.13897862793460394,0.1383244960806639,0.019315059022585075,0.019133666215969604,0.0001813928066154713,0.009391263386944296
2013-05-14,IWM,24,0.183560740935346,0.18178570925044982,0.03369454561273321,0.033046044087689075,0.0006485015250441359,0.019246483763207846
2013-05-14,GLD,24,0.24201864185669708,0.22135528608499572,0.05857302300616021,0.048998162677770296,0.009574860328389917,0.16346877516263614
2013-05-14,TLT,39,0.14041636093274332,0.12223392941428277,0.01971675441759444,0.01494113350005586,0.004775620917538581,0.24221131005603075
2013-05-15,SPY,23,0.1314460783906049,0.1276472251138722,0.017278071524269047,0.016293814079271565,0.000984257444997482,0.05696570034537586
2013-05-15,QQQ,23,0.13444389821110359,0.13380940507575928,0.018075161766197584,0.01790495688672863,0.0001702048794689527,0.009416506566887462
2013-05-15,IWM,23,0.1873819128306707,0.18530047654945445,0.03511198125608107,0.034336266609454914,0.0007757146466261591,0.022092591157663953
2013-05-15,GLD,23,0.2696712563644158,0.23260821676761634,0.07272258650916248,0.05410658250781039,0.01861600400135209,0.2559865496396586
2013-05-15,TLT,38,0.1439561862880374,0.12770448036890192,0.020723383570596134,0.016308434306291253,0.004414949264304881,0.21304191225650704
2013-05-16,SPY,29,0.1227407723345288,0.1211715730083021,0.015065297193276633,0.014682550105306287,0.00038274708797034554,0.025405877033820388
2013-05-16,QQQ,29,0.13292110770630347,0.12409960853661878,0.017668020873870725,0.015400712838942026,0.0022673080349286997,0.12832835387249436
2013-05-16,IWM,29,0.17512333745465164,0.17109003499782222,0.03066818332125579,0.02927180007555603,0.0013963832456997602,0.045531984437172116
2013-05-16,GLD,29,0.22705500307625687,0.22705500307625687,0.05155397442195902,0.05155397442195902,0.0,0.0
2013-05-16,TLT,37,0.14038526237512072,0.12846895188546278,0.019708021892131482,0.01650427159854935,0.0032037502935821326,0.1625607232992391
2013-05-17,SPY,28,0.11680911907553117,0.11441614884006225,0.01364437029920162,0.013091055115391279,0.0005533151838103406,0.04055263611855485
2013-05-17,QQQ,28,0.1254770729056569,0.1209285927928896,0.01574449582497154,0.01462372455486851,0.0011207712701030298,0.0711849577504687
2013-05-17,IWM,28,0.1586519805680636,0.1540331592846715,0.02517045093816923,0.02372621415921699,0.001444236778952241,0.05737826400091056
2013-05-17,GLD,28,0.2274978036863638,0.2274978036863638,0.05175525068211932,0.05175525068211932,0.0,0.0
2013-05-17,TLT,36,0.13737113339443394,0.12005182943587667,0.018870828290071365,0.014412441750900822,0.004458386539170543,0.2362581265983043
2013-05-20,SPY,33,0.13584373938739425,0.13584373938739425,0.018453521530750285,0.018453521530750285,0.0,0.0
2013-05-20,QQQ,33,0.13534635956310306,0.13534635956310306,0.018318637046984783,0.018318637046984783,0.0,0.0
2013-05-20,IWM,33,0.17017921891536442,0.17017921891536442,0.028960966550643525,0.028960966550643525,0.0,0.0
2013-05-20,GLD,33,0.25908040733690757,0.23024500094038342,0.06712265746585795,0.053012760458037156,0.014109897007820796,0.21021064332856335
2013-05-20,TLT,33,0.1429621662340975,0.12514915920854613,0.020438180974345722,0.015662312050606027,0.004775868923739695,0.23367387389975797
2013-05-21,SPY,32,0.1385924465210652,0.1385924465210652,0.019207866232694316,0.019207866232694316,0.0,0.0
2013-05-21,QQQ,32,0.14260326359233944,0.14260326359233944,0.02033569078718624,0.02033569078718624,0.0,0.0
2013-05-21,IWM,32,0.17498188876182472,0.17498188876182472,0.030618661394655602,0.030618661394655602,0.0,0.0
2013-05-21,GLD,32,0.26596720317804295,0.23193160362985324,0.07073855316635039,0.053792268762315354,0.016946284404035034,0.2395622138918189
2013-05-21,TLT,32,0.14364132454328474,0.12892797826985916,0.02063283011654925,0.016622423580753273,0.004010406535795978,0.19437016217078712
2013-05-22,SPY,31,0.1421504784940971,0.1421504784940971,0.020206758536100763,0.020206758536100763,0.0,0.0
2013-05-22,QQQ,31,0.145097175986667,0.145097175986667,0.021053190479305817,0.021053190479305817,0.0,0.0
2013-05-22,IWM,31,0.18625419547501754,0.18625419547501754,0.03469062533204604,0.03469062533204604,0.0,0.0
2013-05-22,GLD,31,0.27121937412991337,0.23315905060227907,0.07355994890342193,0.05436314287775613,0.019196806025665807,0.2609681805362536
2013-05-22,TLT,31,0.1511722510930097,0.13106908800359396,0.02285304950052797,0.01717910583009386,0.005673943670434112,0.24827949855458142
2013-05-23,SPY,30,0.14490869477841056,0.14490869477841056,0.020998529822382553,0.020998529822382553,0.0,0.0
2013-05-23,QQQ,30,0.14537753771928755,0.14537753771928755,0.021134628473322876,0.021134628473322876,0.0,0.0
2013-05-23,IWM,30,0.1839462911840207,0.1839462911840207,0.033836238040356535,0.033836238040356535,0.0,0.0
2013-05-23,GLD,30,0.2562195321478479,0.22442672863097335,0.06564844865406204,0.05036735652400055,0.015281092130061485,0.2327715649548096
2013-05-23,TLT,30,0.14864930478567118,0.12841716671526682,0.022096615813263363,0.01649096870717663,0.0056056471060867315,0.253688037727568
2013-05-24,SPY,29,0.14304853086085464,0.14304853086085464,0.020462882181448885,0.020462882181448885,0.0,0.0
2013-05-24,QQQ,29,0.14085762499700902,0.14085762499700902,0.01984087051979802,0.01984087051979802,0.0,0.0
2013-05-24,IWM,29,0.181625966785319,0.181625966785319,0.0329879918107018,0.0329879918107018,0.0,0.0
2013-05-24,GLD,29,0.24536554626690907,0.21194945252287176,0.0602042512948587,0.044922570424745074,0.015281680870113626,0.25383059404342506
2013-05-24,TLT,29,0.14487679937474124,0.12867615846642244,0.02098928699706902,0.016557553757675862,0.004431733239393158,0.21114262909511947
2013-05-28,SPY,31,0.14685272316890713,0.14609531718797394,0.021565722302123676,0.021343841704254712,0.00022188059786896336,0.010288577157794234
2013-05-28,QQQ,31,0.14379155507279154,0.14379155507279154,0.020676011310251645,0.020676011310251645,0.0,0.0
2013-05-28,IWM,31,0.19019236066790687,0.19019236066790687,0.03617313405643117,0.03617313405643117,0.0,0.0
2013-05-28,GLD,31,0.2462529433940296,0.15358771665502202,0.06064051213022314,0.02358918670730333,0.037051325422919806,0.6109995466950136
2013-05-28,TLT,25,0.15577926809940754,0.10958406542256686,0.024267180369587093,0.012008667394537416,0.012258512975049677,0.5051478082065394
2013-05-29,SPY,30,0.1507628354157916,0.15009254748246406,0.02272943254260907,0.022527772809775727,0.0002016597328333425,0.008872185104283045
2013-05-29,QQQ,30,0.14707481499140027,0.14707481499140027,0.021631001204754616,0.021631001204754616,0.0,0.0
2013-05-29,IWM,30,0.19349753300012817,0.19349753300012817,0.03744129527713569,0.03744129527713569,0.0,0.0
2013-05-29,GLD,30,0.22683218038371047,0.14668388817188913,0.05145283805762817,0.021516163049223273,0.029936675008404894,0.5818274781048082
2013-05-29,TLT,24,0.15725320690309655,0.10985754842697956,0.02472857108130809,0.01206868094638616,0.01265989013492193,0.5119539698956292
2013-05-30,SPY,29,0.1470714903537081,0.14632727327305048,0.02163002327486085,0.02141167090352599,0.0002183523713348602,0.010094874543599626
2013-05-30,QQQ,29,0.14495889304293605,0.14495889304293605,0.021013080672233373,0.021013080672233373,0.0,0.0
2013-05-30,IWM,29,0.19094526542261242,0.19094526542261242,0.0364600943873119,0.0364600943873119,0.0,0.0
2013-05-30,GLD,29,0.2126241560215912,0.13377098380932156,0.04520903172389396,0.017894676109313775,0.027314355614580187,0.6041791777669052
2013-05-30,TLT,23,0.16088938509896386,0.11296168745001772,0.025885394237522695,0.01276034283155549,0.013125051405967205,0.5070446787687523
2013-05-31,SPY,28,0.1656429714963482,0.16532982818248426,0.027437594006140025,0.027333952086849765,0.00010364191929026004,0.0037773690822550583
2013-05-31,QQQ,28,0.15407551775267492,0.15407551775267492,0.023739265170754843,0.023739265170754843,0.0,0.0
2013-05-31,IWM,28,0.2068368501209745,0.2068368501209745,0.04278148256796647,0.04278148256796647,0.0,0.0
2013-05-31,GLD,28,0.22805885647799737,0.1276938236726181,0.052010842018051805,0.016305712604133688,0.03570512941391812,0.6864939698827729
2013-05-31,TLT,22,0.16671072486166671,0.11069503913919296,0.027792465783902345,0.012253391690027461,0.015539074093874884,0.5591110272365707
2013-06-03,SPY,32,0.15449692934225628,0.14973929250782714,0.023869301176186134,0.022421855720744618,0.0014474454554415164,0.06064046218854535
2013-06-03,QQQ,32,0.16214135398153567,0.1577398872832353,0.026289818670965654,0.024881872040127775,0.0014079466308378787,0.053554824719761494
2013-06-03,IWM,32,0.20324384962980444,0.2017586289597883,0.041308062412342555,0.040706544359733525,0.0006015180526090305,0.014561759072710736
2013-06-03,GLD,32,0.2085410208636941,0.19903548860744824,0.043489357382871706,0.039615125725205654,0.0038742316576660524,0.08908459197403362
2013-06-03,TLT,19,0.1735978641584115,0.12567337814191096,0.03013621844036229,0.015793797973599744,0.014342420466762547,0.47591971418528534
2013-06-04,SPY,31,0.16241913436508987,0.15396221105260274,0.026379975207905113,0.02370436243220619,0.0026756127756989226,0.10142590182939745
2013-06-04,QQQ,31,0.1642422398307856,0.16015557812145922,0.026975513344633297,0.02564980920341883,0.0013257041412144677,0.049144723374771764
2013-06-04,IWM,31,0.20545266470587445,0.2037016227150377,0.04221079743474447,0.04149435109673956,0.0007164463380049113,0.016973058590340474
2013-06-04,GLD,31,0.21579820946046918,0.20419003580090478,0.046568867206344525,0.04169357072037477,0.004875296485969752,0.10469003818296752
2013-06-04,TLT,18,0.1744066178637739,0.10797422990420462,0.030417668354680454,0.011658434323406035,0.01875923403127442,0.6167216307487908
2013-06-05,SPY,30,0.1740523794291432,0.16333697353842916,0.03029423078494643,0.02667896692469351,0.003615263860252918,0.11933836135061685
2013-06-05,QQQ,30,0.17120765034811752,0.16568762847332022,0.029312059537723267,0.027452390229112993,0.001859669308610274,0.06344382953429
2013-06-05,IWM,30,0.20895571127075344,0.2068985297647001,0.04366248927266647,0.0428070016187945,0.0008554876538719725,0.01959319471067179
2013-06-05,GLD,30,0.2189084470260221,0.20692672021282688,0.047920908179344725,0.04281866753803753,0.005102240641307196,0.10647211906360336
2013-06-05,TLT,17,0.1832325814175992,0.16184058435070847,0.03357417889295713,0.026192374742978787,0.007381804149978341,0.21986551550563238
2013-06-06,SPY,29,0.16585604532258832,0.15709490895332626,0.027508227770048476,0.024678810419053867,0.002829417350994609,0.10285712967940948
2013-06-06,QQQ,29,0.17018907434063915,0.1650569146037667,0.028964321024923596,0.027243785058515133,0.0017205359664084624,0.059401909160168236
2013-06-06,IWM,29,0.2053629305674449,0.20353156992456845,0.04217393325124919,0.04142509995595949,0.0007488332952896998,0.017755832514566788
2013-06-06,GLD,29,0.2165107224817442,0.2063910960981324,0.04687689294956685,0.042597284548588514,0.004279608400978338,0.09129462581026036
2013-06-06,TLT,16,0.18257204348530073,0.12526160678424722,0.03333255106239854,0.015690470134171366,0.017642080928227173,0.5292748489367404
2013-06-07,SPY,28,0.14836126227803173,0.1415226076729467,0.02201106414473092,0.020028648482550794,0.0019824156621801245,0.0900645079740355
2013-06-07,QQQ,28,0.1466575681889817,0.14412460640725325,0.02150844230710582,0.020771902172045668,0.0007365401350601514,0.034244234172960915
2013-06-07,IWM,28,0.1907529851135823,0.18832039776694057,0.03638670132974255,0.03546457221509871,0.0009221291146438437,0.025342476260415882
2013-06-07,GLD,28,0.2277179669136578,0.21047851075068252,0.05185547245528976,0.04430120348782518,0.007554268967464577,0.1456793007522578
2013-06-07,TLT,43,0.1519748782497592,0.1465242916708402,0.02309636361902913,0.021469368049641446,0.001626995569387682,0.07044379783002715
2013-06-10,SPY,25,0.15076243003652567,0.14485819257520835,0.0227293103105183,0.020983895956156146,0.0017454143543621549,0.07679134696640753
2013-06-10,QQQ,25,0.14912794825267858,0.14669280608776958,0.02223914495005358,0.021518779357903965,0.0007203655921496147,0.032391784565794605
2013-06-10,IWM,25,0.1913788107701117,0.18953791666973865,0.036625849211782226,0.035924621855504796,0.0007012273562774299,0.019145695495624195
2013-06-10,GLD,25,0.21831056857384773,0.20370113148902452,0.04765950435103667,0.04149415096990886,0.006165353381127808,0.12936251572649227
2013-06-10,TLT,40,0.15508162890574737,0.14836568960056526,0.024050311624059934,0.022012377850651278,0.0020379337734086553,0.08473627307888627
2013-06-11,SPY,24,0.16816360775625383,0.16002026375918482,0.028278998973599194,0.02560648481355908,0.002672514160040114,0.0945052603359521
2013-06-11,QQQ,24,0.16288330861506864,0.1598780681412123,0.026530972225391695,0.025560996672566127,0.000969975552825568,0.0365601209252801
2013-06-11,IWM,24,0.20622017723186378,0.2034952025815589,0.04252676149754131,0.041410297473709695,0.0011164640238316148,0.02625321055533851
2013-06-11,GLD,24,0.2219830952340096,0.20523230844522913,0.049276494569671384,0.042120300429757666,0.007156194139913717,0.14522530878887233
2013-06-11,TLT,39,0.1559558197190699,0.15184758224011716,0.024322217704247032,0.02305768823216914,0.001264529472077891,0.05199071431126467
2013-06-12,SPY,23,0.18428110240576195,0.17473964854465054,0.03395952470388292,0.030533944773507998,0.0034255799303749244,0.1008724344714767
2013-06-12,QQQ,23,0.18278502977025327,0.17773305290960534,0.03341036710811238,0.03158903809656857,0.0018213290115438041,0.05451388802913114
2013-06-12,IWM,23,0.2224457124097919,0.2209454398582768,0.049482094969499846,0.04881688739416742,0.0006652075753324285,0.013443399592164687
2013-06-12,GLD,23,0.21111724652619226,0.19856930483139457,0.044570491780801046,0.039429768821223295,0.005140722959577751,0.115339157235688
2013-06-12,TLT,38,0.1625643258110479,0.1568057202968891,0.026427160026400533,0.024588033917826223,0.0018391261085743092,0.06959227199354892
2013-06-13,SPY,29,0.15737635905488875,0.15373995841367524,0.024767318389373266,0.023635974813038592,0.0011313435763346744,0.0456788885477441
2013-06-13,QQQ,29,0.16642941441415712,0.16232588828335515,0.02769874998223925,0.026349694006980295,0.0013490559752589552,0.04870457966962354
2013-06-13,IWM,29,0.20429056212679442,0.20429056212679442,0.041734633774081646,0.041734633774081646,0.0,0.0
2013-06-13,GLD,29,0.21391272328237443,0.19803356161034893,0.04575865318208169,0.03921729152407987,0.006541361658001822,0.14295354437056088
2013-06-13,TLT,37,0.17038815302230295,0.16184129382898965,0.02903212269035173,0.026192604388241367,0.0028395183021103637,0.09780608646483928
2013-06-14,SPY,28,0.1618735019070192,0.1575693077223864,0.026203030619641757,0.024828086736112098,0.0013749438835296592,0.05247270453132254
2013-06-14,QQQ,28,0.16725637676977165,0.16373089373780622,0.02797469557015181,0.026807805564180796,0.0011668900059710122,0.0417123397480704
2013-06-14,IWM,28,0.20929630007028302,0.2065077513073445,0.043804941223109954,0.042645451350016045,0.0011594898730939093,0.026469385432760336
2013-06-14,GLD,28,0.20292106714179028,0.19459694351840012,0.04117695948996296,0.0378679704267034,0.0033089890632595556,0.08036020882178381
2013-06-14,TLT,36,0.16053712405553786,0.1567888013321199,0.025772168200023152,0.02458272822316296,0.001189439976860194,0.046152111364038254
2013-06-17,SPY,33,0.16650009289910725,0.16471190333697577,0.027722280935411348,0.027130011100889254,0.0005922698345220932,0.021364397680767713
2013-06-17,QQQ,33,0.16379583898403455,0.16158893343444586,0.02682907686848377,0.026110983408481777,0.0007180934600019943,0.026765492660149694
2013-06-17,IWM,33,0.2036026349408924,0.20243196689878637,0.04145403295487429,0.04097870122251134,0.0004753317323629505,0.011466477408371423
2013-06-17,GLD,33,0.208798678949137,0.18879948607032834,0.04359688833090479,0.03564524594042011,0.007951642390484681,0.1823901359686708
2013-06-17,TLT,33,0.15971793490263458,0.15580993466014492,0.025509818729562216,0.02427673573879863,0.0012330829907635857,0.04833758341585625
2013-06-18,SPY,32,0.163909297585038,0.16240781384238867,0.026866257834820544,0.026376297997063973,0.0004899598377565706,0.018236996040496136
2013-06-18,QQQ,32,0.15918243159591458,0.1576429160445188,0.025339046528788024,0.024851288979019205,0.00048775754976881913,0.019249246384021253
2013-06-18,IWM,32,0.1981907720383108,0.19748336463427724,0.03927958212114167,0.0389996793072749,0.00027990281386677113,0.007125911192321912
2013-06-18,GLD,32,0.22246858933062508,0.19495258708354232,0.049492273238758315,0.038006511210566155,0.01148576202819216,0.23207182205559812
2013-06-18,TLT,32,0.15872889054632347,0.15336014395793324,0.025194860694066738,0.02351933375479801,0.0016755269392687289,0.06650272687013932
2013-06-19,SPY,31,0.16116894801535087,0.15943903567920215,0.02597542980437487,0.025420806098313896,0.0005546237060609742,0.021351858669440095
2013-06-19,QQQ,31,0.15153133006152972,0.15029667058757132,0.022961743990216256,0.022589089189708922,0.00037265480050733407,0.016229377031035542
2013-06-19,IWM,31,0.1922744441865649,0.19172763286969505,0.03696946188725246,0.03675948520581657,0.00020997668143589443,0.0056797332370233135
2013-06-19,GLD,31,0.22100443035565573,0.1894845538757026,0.04884295823682789,0.03590439615747404,0.01293856207935385,0.2649012784323554
2013-06-19,TLT,31,0.15093398437000932,0.14541981212036742,0.02278106763780622,0.021146921757122957,0.0016341458806832625,0.07173262933346122
2013-06-20,SPY,30,0.20148035258003175,0.1976888724911532,0.0405943324757739,0.03908089030682342,0.0015134421689504823,0.03728210507842892
2013-06-20,QQQ,30,0.19306161978487404,0.1884740471725832,0.03727278903395927,0.03552246645761312,0.00175032257634615,0.046959796186741745
2013-06-20,IWM,30,0.2223519734110135,0.2199281358953556,0.04944040007977205,0.048368384958406,0.0010720151213660517,0.021682978285700684
2013-06-20,GLD,30,0.29632896636203404,0.22402389716364896,0.08781085630519149,0.05018670650038916,0.03762414980480233,0.42846808911688
2013-06-20,TLT,30,0.16392381358835087,0.15185636415048345,0.026871016661348408,0.023060355333004233,0.0038106613283441747,0.14181306857010273
2013-06-21,SPY,29,0.18405777512204852,0.1811991496412001,0.03387726458287858,0.03283313183069402,0.0010441327521845609,0.03082104665298924
2013-06-21,QQQ,29,0.18544968535136588,0.18043820276681086,0.034391585796920615,0.03255794501771675,0.0018336407792038656,0.05331655219481178
2013-06-21,IWM,29,0.22391857566875142,0.22104771974442144,0.05013952852952236,0.04886209440420829,0.0012774341253140725,0.025477585505454325
2013-06-21,GLD,29,0.2690185181352733,0.20121683660454237,0.07237096309969836,0.04048821533313911,0.03188274776655925,0.4405461306717381
2013-06-21,TLT,29,0.1767801747601376,0.1600296144991039,0.03125123018822479,0.02560947751673181,0.005641752671492979,0.18052897877980964
2013-06-24,SPY,32,0.181356615051659,0.17591396659177114,0.03289022182299563,0.030945723642050775,0.0019444981809448522,0.059120859427750375
2013-06-24,QQQ,32,0.19823627790034845,0.18916784661126024,0.03929762187578418,0.03578447419154128,0.0035131476842428996,0.0893984805326797
2013-06-24,IWM,32,0.2242391333408423,0.2217014147228633,0.05028318892145205,0.04915151729011903,0.0011316716313330213,0.022505963834171666
2013-06-24,GLD,32,0.2687048441123355,0.2484224294572965,0.07220229324943452,0.06171370345746546,0.010488589791969052,0.1452667127307788
2013-06-24,TLT,26,0.18111135879539383,0.16055273848575105,0.03280132428471388,0.025777181835273964,0.007024142449439913,0.2141420385491361
2013-06-25,SPY,31,0.1720330187496715,0.16588019062856216,0.029595359540124825,0.02751623764296812,0.0020791218971567063,0.07025161814094107
2013-06-25,QQQ,31,0.18668545263648947,0.17863551866192673,0.03485145822609095,0.03191064852761557,0.0029408096984753843,0.08438125255470076
2013-06-25,IWM,31,0.2107071672397004,0.20672170176917345,0.04439751032617908,0.04273386198234309,0.0016636483438359911,0.037471658469439395
2013-06-25,GLD,31,0.2515087774712816,0.2304401961499972,0.06325666514509863,0.053102684001649185,0.010153981143449446,0.16052033600187687
2013-06-25,TLT,25,0.17505435753733803,0.15134763470693724,0.030644028092810173,0.022906106531384515,0.007737921561425658,0.25250993563868845
2013-06-26,SPY,30,0.17013943574272233,0.1610366778852259,0.02894742759485194,0.025932811624310007,0.0030146159705419333,0.10414106609866977
2013-06-26,QQQ,30,0.1732779441039485,0.16671121896770028,0.0300252459128911,0.027792630529696504,0.0022326153831945944,0.07435793830537916
2013-06-26,IWM,30,0.20300387979963327,0.19751381745808752,0.04121057521370396,0.03901170808686672,0.0021988671268372353,0.05335686569368814
2013-06-26,GLD,30,0.3032979094748042,0.2721547560575362,0.0919896218917865,0.07406821124473704,0.017921410647049454,0.19481991857876751
2013-06-26,TLT,24,0.1672242949259383,0.14473602616249362,0.02796396481347719,0.020948517269310036,0.007015447544167153,0.25087456628417976
2013-06-27,SPY,29,0.16590665748906447,0.15736258518886423,0.027525018999193754,0.02476298321732255,0.0027620357818712027,0.1003463714939527
2013-06-27,QQQ,29,0.16561041886336342,0.16087017895567643,0.02742681083609868,0.02587921447723136,0.0015475963588673196,0.056426405830254274
2013-06-27,IWM,29,0.19547933039338108,0.1899987244437411,0.03821216861104464,0.036099515290248664,0.002112653320795979,0.05528744893545113
2013-06-27,GLD,29,0.3365117074813001,0.30270389976582124,0.11324012927198009,0.09162965093343635,0.021610478338543737,0.19083763395076758
2013-06-27,TLT,23,0.15741980073229603,0.1393683691967913,0.024780993662595792,0.019423542332573124,0.005357451330022668,0.21619194948220163
2013-06-28,SPY,28,0.165974955394651,0.1571738247549224,0.027547685818256396,0.024703611188091057,0.0028440746301653386,0.10324187116583543
2013-06-28,QQQ,28,0.16202245252577388,0.15798504282583373,0.026251275122466652,0.02495927375668052,0.0012920013657861315,0.04921670889351949
2013-06-28,IWM,28,0.19951055324270298,0.19546318869404422,0.03980446085520942,0.038205858134443535,0.001598602720765882,0.04016139614554444
2013-06-28,GLD,28,0.3218198890546407,0.301424804909345,0.10356804099114127,0.09085691301463669,0.012711127976504574,0.12273214646969934
2013-06-28,TLT,22,0.15164273195654268,0.14085499628067258,0.022995518155243852,0.019840129977228282,0.0031553881780155696,0.13721752894252662
