asset_class,symbol,tf,entry,sharpe,pnl_share,risk_contrib,n_obs
equity,QQQ,1d,ema,0.91,0.04421538870055408,0.021385306680503282,5328
equity,SPY,1d,ema,0.69,0.03416312966231669,0.0201661817358531,5328
equity,GOOGL,1d,ema,0.72,0.033866176718252816,0.015590449570674198,5328
equity,MSFT,1d,ema,0.81,0.037613471581643416,0.015495663322933041,5328
equity,IWM,1d,ema,0.19,0.007980775755697245,0.01536543134938709,5328
equity,AMZN,1d,ema,0.61,0.02766080179055384,0.013532192053127131,5328
equity,JPM,1d,ema,0.69,0.03176690267196321,0.013512400461197302,5328
equity,META,1d,ema,0.68,0.02907679119173745,0.013346423802450677,5192
equity,NVDA,1d,ema,1.18,0.05543335223823142,0.012873115051601514,5328
equity,AAPL,1d,ema,0.62,0.028124897006320548,0.01167152820737511,5328
crypto,ETHUSDT,1h,ema,0.48,0.009242478318169291,0.010362781913705058,2404
crypto,ETHUSDT,4h,ema,0.83,0.020577766899587516,0.009720619449096196,3271
crypto,BTCUSDT,4h,ema,1.16,0.029728641857994797,0.008939545670324702,3271
crypto,HBARUSDT,4h,ema,-0.26,-0.017351473387984925,0.008827465114048168,2498
crypto,BTCUSDT,1h,ema,0.42,0.007900820288189439,0.008712426731159465,2404
crypto,LINKUSDT,4h,ema,0.58,0.011558134076853493,0.008666540385861116,2754
crypto,DOTUSDT,4h,ema,0.42,0.005933480818159349,0.008409650616888578,2170
crypto,ADAUSDT,1h,ema,0.72,0.011900979568670273,0.008209190652915295,2374
crypto,BNBUSDT,1h,ema,0.72,0.012538170218634837,0.008170334063166128,2364
crypto,DOTUSDT,1h,ema,-0.25,-0.003535173517993479,0.008069330400344804,2170
crypto,BTCUSDT,1d,ema,0.65,0.016230568875819484,0.008042655816665696,3271
crypto,LTCUSDT,4h,ema,0.29,0.00642107928480201,0.007963587952027455,3153
crypto,ETHUSDT,1d,ema,0.25,0.005778713187028866,0.007880311234448809,3271
crypto,VETUSDT,1h,ema,0.52,0.008218276394898373,0.007780909192186194,2360
crypto,DASHUSDT,4h,ema,-0.18,-0.003383854054246287,0.007725823930024034,2683
crypto,BNBUSDT,4h,ema,1.33,0.03141036981982653,0.007713282580874752,3190
crypto,BCHUSDT,4h,ema,0.16,0.0027687814956677886,0.007668885686797963,2438
crypto,XRPUSDT,1d,ema,0.53,0.011705805090907292,0.007663856336721897,2399
crypto,LINKUSDT,1h,ema,0.65,0.011046278292223143,0.007629347860638133,2388
crypto,LTCUSDT,1h,ema,-0.42,-0.007125463373262588,0.007608472753856673,2396
crypto,ETCUSDT,1h,ema,-0.15,-0.0025327796789437517,0.007531866734214114,2389
crypto,XTZUSDT,1h,ema,-0.16,-0.0025007355044239167,0.007490949131362216,2368
crypto,TRXUSDT,4h,ema,0.71,0.017949915577994174,0.0074851705907699444,2973
crypto,XTZUSDT,4h,ema,0.38,0.006250534813828154,0.00737430710250787,2503
crypto,ETCUSDT,4h,ema,0.47,0.009652382599444391,0.007371694001343695,2972
crypto,XLMUSDT,4h,ema,0.03,0.0005925810078395163,0.007367320440675027,2984
crypto,TRXUSDT,1d,ema,0.68,0.020389663859130734,0.007279214669672285,2973
crypto,VETUSDT,4h,ema,0.98,0.018711425346487467,0.007259044996359144,2929
crypto,BCHUSDT,1h,ema,0.26,0.0046009391573117765,0.007227892655006087,2404
crypto,LINKUSDT,1d,ema,0.88,0.01813784070139893,0.007214638676288856,2754
crypto,BCHUSDT,1d,ema,0.28,0.005093602893465751,0.007198547470691096,2438
crypto,DASHUSDT,1h,ema,-0.15,-0.0024947239595463026,0.007197670451124675,2370
crypto,DOGEUSDT,4h,ema,0.83,0.017140497749270157,0.007130175760471257,2584
crypto,ADAUSDT,4h,ema,0.85,0.016084566287206715,0.007025958604497245,3028
crypto,TRXUSDT,1h,ema,0.31,0.0062494477447033936,0.006991519563379947,2390
crypto,XRPUSDT,1h,ema,0.48,0.008247043555058967,0.006963626967195821,2399
crypto,ATOMUSDT,1h,ema,0.08,0.001225252925568048,0.006948080658504018,2367
crypto,SOLUSDT,4h,ema,0.68,0.009809633255745048,0.0069280486473559345,2147
crypto,IOTAUSDT,1h,ema,-0.08,-0.0011548801919107033,0.00691951548709504,2362
crypto,AVAXUSDT,4h,ema,0.52,0.007133708393208216,0.006909654561720289,2138
crypto,XRPUSDT,4h,ema,-0.09,-0.001914686904769907,0.006890571760735155,3011
crypto,GRTUSDT,1h,ema,0.05,0.0006382248446857929,0.006786950847089455,2051
crypto,ARBUSDT,1h,ema,0.01,9.435858343153921e-05,0.0067391192585464586,1227
crypto,NEARUSDT,1h,ema,0.64,0.009276819644863517,0.006737118104191872,2116
crypto,NEARUSDT,4h,ema,0.72,0.010063879602051313,0.006694508085996178,2116
crypto,ZECUSDT,4h,ema,0.59,0.011263642398265784,0.006694060593891367,2690
crypto,CRVUSDT,4h,ema,0.39,0.005217995792467876,0.006681147304928897,2160
crypto,ATOMUSDT,4h,ema,0.25,0.004342172518778788,0.006681042092345201,2651
crypto,AVAXUSDT,1h,ema,0.34,0.004747984561985938,0.006651628652137998,2138
crypto,XLMUSDT,1h,ema,0.28,0.004582115096929213,0.0066246003565345185,2385
crypto,XMRUSDT,4h,ema,0.13,0.002742642479052293,0.006590644500388658,2696
crypto,AAVEUSDT,4h,ema,0.19,0.0025951086975940832,0.0065457019877486035,2115
crypto,ALGOUSDT,1h,ema,0.11,0.0015845165163186098,0.0065224034644928075,2237
crypto,ARBUSDT,4h,ema,0.06,0.00044519699504353793,0.00647236447185881,1227
crypto,IOTAUSDT,4h,ema,0.02,0.0004532240071216345,0.006427080100914406,2984
crypto,ALGOUSDT,4h,ema,0.61,0.009395091394709744,0.006411844981516586,2597
crypto,XMRUSDT,1d,ema,-0.17,-0.003928492787886509,0.006400458017631349,2696
crypto,OPUSDT,1h,ema,-0.11,-0.00111699368421186,0.006320597137118146,1522
crypto,RUNEUSDT,4h,ema,0.83,0.011815978217472236,0.006312052128140152,2157
crypto,FILUSDT,1h,ema,-0.02,-0.0003184525735931485,0.006245692822392884,2115
crypto,COMPUSDT,4h,ema,-0.04,-0.000514611481169349,0.006196701632457918,2223
crypto,DOGEUSDT,1h,ema,1.08,0.016292487197326497,0.006120737673417174,2213
crypto,SOLUSDT,1h,ema,1.2,0.01733791348107727,0.006100001040528578,2147
crypto,GRTUSDT,4h,ema,0.63,0.007673794224906603,0.006086809134736032,2051
crypto,RUNEUSDT,1h,ema,0.59,0.008594320379949616,0.006084210216790696,2157
crypto,ZECUSDT,1h,ema,0.6,0.010029673956621646,0.006080722174763232,2369
crypto,CRVUSDT,1h,ema,0.21,0.002894656235901313,0.00607372240807687,2160
crypto,APTUSDT,1h,ema,-0.07,-0.0006433971301926281,0.006002913032982882,1382
crypto,ADAUSDT,1d,ema,0.49,0.009420445254548623,0.0059912803823400805,3028
crypto,UNIUSDT,4h,ema,0.53,0.008289130613608664,0.0059885531967067505,2143
crypto,COMPUSDT,1h,ema,-0.08,-0.001158814019520056,0.005954585563277124,2223
crypto,AAVEUSDT,1h,ema,0.13,0.0019394703918658998,0.005930262736745157,2115
crypto,BNBUSDT,1d,ema,0.97,0.022919952273298648,0.005909250698098364,3190
crypto,XMRUSDT,1h,ema,-0.0,-7.598294248491222e-05,0.005900336199342704,2371
crypto,1000SHIBUSDT,1h,ema,0.23,0.0030149113123568213,0.005803871711528714,1909
crypto,FILUSDT,4h,ema,0.53,0.007292483254583369,0.005792326280676883,2115
crypto,DOGEUSDT,1d,ema,0.49,0.011727467333708634,0.005731995317384138,2584
crypto,HBARUSDT,1h,ema,0.25,0.0032419674334469243,0.0057226284564650814,1963
crypto,1000FLOKIUSDT,4h,ema,0.69,0.005136858932560492,0.005689512622893311,1183
crypto,CFXUSDT,1h,ema,0.08,0.0007549148013339649,0.005678096291273026,1258
crypto,1000FLOKIUSDT,1h,ema,0.13,0.0010168176834375348,0.0056440227897241475,1183
crypto,UNIUSDT,1h,ema,-0.31,-0.004376753673397507,0.0055935453829297705,2143
crypto,CFXUSDT,4h,ema,-0.09,-0.0007612335911879906,0.005573734361327638,1258
crypto,1000PEPEUSDT,4h,ema,0.57,0.004363623067999956,0.0055071914140645386,1184
crypto,1000PEPEUSDT,1h,ema,1.18,0.009574963209840132,0.00550427441192968,1184
crypto,ATOMUSDT,1d,ema,0.04,0.0007098803641405927,0.005451896275938913,2651
crypto,VETUSDT,1d,ema,0.43,0.007537860646084128,0.005449306303104987,2929
crypto,IMXUSDT,1h,ema,0.55,0.005892003233805411,0.005434087001981257,1632
crypto,LTCUSDT,1d,ema,-0.13,-0.0026475082709795927,0.005431538714821932,3153
crypto,XTZUSDT,1d,ema,-0.03,-0.0004649584997826719,0.005431307819345611,2503
crypto,AAVEUSDT,1d,ema,0.24,0.0031740252273527014,0.005427700379564094,2115
crypto,ETCUSDT,1d,ema,-0.05,-0.0009508657861185699,0.005399328622967712,2972
crypto,LDOUSDT,4h,ema,-0.68,-0.005956000526587955,0.00537255943856282,1409
crypto,APTUSDT,4h,ema,-0.03,-0.00023925346928198535,0.005345576104138073,1382
crypto,STXUSDT,1h,ema,-0.14,-0.0011446424191648601,0.005266499198622221,1257
crypto,INJUSDT,4h,ema,0.77,0.0075049067081028945,0.005234435240992426,1445
crypto,INJUSDT,1h,ema,0.4,0.0037697958428936657,0.005170639029616208,1445
crypto,ICPUSDT,1h,ema,0.36,0.004199334197316789,0.005136045780410932,1908
crypto,JASMYUSDT,1h,ema,0.56,0.0055243417505674,0.00513152484638614,1564
crypto,1000FLOKIUSDT,1d,ema,0.46,0.00350985643833763,0.005113120341667124,1183
crypto,IMXUSDT,4h,ema,0.19,0.0018172204481176665,0.005097537827427566,1632
crypto,LDOUSDT,1h,ema,-0.72,-0.006470637960616475,0.005075223569172012,1409
crypto,JASMYUSDT,4h,ema,0.91,0.008910640302513293,0.005062196590659672,1564
crypto,ENSUSDT,1h,ema,-0.2,-0.002213299214392228,0.005023675368563372,1705
crypto,ZECUSDT,1d,ema,0.06,0.0012078109014194618,0.005015312243363159,2690
crypto,1000SHIBUSDT,4h,ema,0.69,0.00897788185390293,0.005012968168927607,1909
crypto,DOTUSDT,1d,ema,0.41,0.005114902256063266,0.005001721881539847,2170
crypto,OPUSDT,4h,ema,0.32,0.003129072079683848,0.004928493939000298,1522
crypto,FETUSDT,1h,ema,0.6,0.004748330364932181,0.004907483936786403,1292
crypto,SOLUSDT,1d,ema,0.89,0.012777845760993277,0.004898883974082758,2147
crypto,SUIUSDT,4h,ema,0.98,0.006946101223096475,0.004871603379807852,1186
crypto,MKRUSDT,4h,ema,0.38,0.0052066062301701545,0.004843848792183501,2179
crypto,SUIUSDT,1h,ema,0.44,0.003352368356786431,0.0048027749888497956,1186
crypto,MKRUSDT,1h,ema,0.63,0.00859875837011437,0.0046102293158410135,2179
crypto,ICPUSDT,4h,ema,0.27,0.003011566853196688,0.004607010505431237,1908
crypto,XLMUSDT,1d,ema,-0.01,-0.00026398659480564925,0.00455833689649593,2984
crypto,RUNEUSDT,1d,ema,0.48,0.006278843841699276,0.004546176913196692,2157
crypto,1000LUNCUSDT,1h,ema,0.29,0.002772695773601604,0.004494759001122777,1422
crypto,AVAXUSDT,1d,ema,0.41,0.005292127621420118,0.00444445938374504,2138
crypto,UNIUSDT,1d,ema,-0.06,-0.0007979445657682041,0.004220159329438133,2143
crypto,1000LUNCUSDT,4h,ema,0.26,0.0022332180918473244,0.004037753164094811,1422
crypto,ENSUSDT,4h,ema,0.28,0.0028871167222169515,0.0040324559120401,1705
crypto,COMPUSDT,1d,ema,0.05,0.0005417907917509641,0.004026268466549122,2223
crypto,DASHUSDT,1d,ema,-0.44,-0.007679410310157089,0.003958453675638021,2683
crypto,IOTAUSDT,1d,ema,0.03,0.00042839616764929494,0.003927664019218321,2984
crypto,INJUSDT,1d,ema,1.04,0.00912917627102392,0.003738930534313137,1445
crypto,ALGOUSDT,1d,ema,0.12,0.001587380542410067,0.00362561198518041,2597
crypto,SUIUSDT,1d,ema,0.28,0.0019760137331179465,0.003508956236579777,1186
crypto,NEARUSDT,1d,ema,0.26,0.00341183542543327,0.0033569940828546453,2116
crypto,HBARUSDT,1d,ema,0.21,0.0028977164633831815,0.003312852917599078,2498
crypto,LDOUSDT,1d,ema,-0.37,-0.002909799112634678,0.0030692227956008516,1409
crypto,APTUSDT,1d,ema,0.03,0.000206495973133775,0.0030105175630711512,1382
crypto,CRVUSDT,1d,ema,-0.53,-0.0058789854541694666,0.0029300092480176814,2160
crypto,GRTUSDT,1d,ema,-0.1,-0.0010307502113399997,0.0028577813038384646,2051
crypto,MKRUSDT,1d,ema,0.32,0.0040820950908054725,0.002850057261926338,2179
crypto,STXUSDT,4h,ema,-0.04,-0.0005793486922315511,0.002766182360631693,2472
crypto,FETUSDT,4h,ema,-0.17,-0.003277656166796204,0.0027481300014962143,2711
crypto,OPUSDT,1d,ema,0.19,0.0015475313491202178,0.002707008622823118,1522
crypto,1000SHIBUSDT,1d,ema,0.37,0.00413638384249779,0.0026087718281022493,1909
crypto,FILUSDT,1d,ema,0.13,0.0014263072255362038,0.002409225945816245,2115
crypto,ARBUSDT,1d,ema,-0.33,-0.0019067563038252895,0.002211682774069906,1227
crypto,1000LUNCUSDT,1d,ema,-0.64,-0.004605171279111079,0.0021651860670809228,1422
crypto,FETUSDT,1d,ema,-0.07,-0.0010977013034286238,0.0020342098106157416,2711
crypto,1000PEPEUSDT,1d,ema,-0.09,-0.0005614797866827239,0.002017543398795395,1184
crypto,ENSUSDT,1d,ema,-0.21,-0.0018906732725431548,0.0018683129817918362,1705
crypto,JASMYUSDT,1d,ema,0.71,0.006603579409710291,0.0017882221769644502,1564
crypto,CFXUSDT,1d,ema,-0.35,-0.001880754749278291,0.0017325541737363017,1258
crypto,STXUSDT,1d,ema,0.36,0.0035782129391992152,0.0017227002789612662,2472
crypto,IMXUSDT,1d,ema,-0.11,-0.0008495202954973504,0.0016269382064794588,1632
crypto,ICPUSDT,1d,ema,0.3,0.002641709955262182,0.0009219015562099827,1908
